DELETED: D:\recup\l.txt | Reason: Extension not in whitelist
DELETED: D:\recup\MSI15405.tmp\ai_prompt_builder_tmp\猁㷁č㻁ል䐃¡Ƌ瘚Ƌ௰㤹㘱㐹 | Reason: Extension not in whitelist
DELETED: D:\recup\MSI15405.tmp\ai_prompt_builder_tmp\ƽ฀耀ધᔁ੾匁嘘䑉猄ⴶ䅗\2P]!0z | Reason: Extension not in whitelist
DELETED: D:\recup\MSI15405.tmp\ai_prompt_builder_tmp\ƽ฀耀ધᔁ੾匁嘘䑉猄ⴶ䅗\ccuSbo | Reason: Extension not in whitelist
DELETED: D:\recup\MSI15405.tmp\ai_prompt_builder_tmp\ƽ฀耀ધᔁ੾匁嘘䑉猄ⴶ䅗\ꔠ긺翔㎛넋⺮䅤ꋫ勏꼦毒쥤囥⪦ | Reason: Extension not in whitelist
DELETED: D:\recup\MSI15405.tmp\ai_prompt_builder_tmp\ƽ฀耀ધᔁ੾匁嘘䑉猄ⴶ䅗\뗛ꞁ怜课漗빾諧笗銳 | Reason: Extension not in whitelist
DELETED: D:\recup\MSI15405.tmp\ai_prompt_builder_tmp\ƽ฀耀ધᔁ੾匁嘘䑉猄ⴶ䅗\윢墳該锰龩蚵闦팒◁헣㯐葶뢵㒸 | Reason: Extension not in whitelist
DELETED: D:\recup\MSI15405.tmp\ai_prompt_builder_tmp\ƽ฀耀ધᔁ੾匁嘘䑉猄ⴶ䅗\쳘ᆸᅭ禫〃稩럅繲贀ⵞծṆꕿ줈ꤙᓧꂯ鶗涀踭벽㺔폦霸號๱櫶 | Reason: Extension not in whitelist
DELETED: D:\recup\MSI15405.tmp\ai_prompt_builder_tmp\ƽ฀耀ધᔁ੾匁嘘䑉猄ⴶ䅗\慤炍ⴧ䂇∗_㌖헒૪퉣䕹差擏 | Reason: Extension not in whitelist
DELETED: D:\recup\MSI15405.tmp\ai_prompt_builder_tmp\ƽ฀耀ધᔁ੾匁嘘䑉猄ⴶ䅗\䀮頊筑臭ᮁꑙ탊묨ʹ뵇︵ꅂ | Reason: Extension not in whitelist
DELETED: D:\recup\MSI15405.tmp\ai_prompt_builder_tmp\ƽ฀耀ધᔁ੾匁嘘䑉猄ⴶ䅗\蛖숦Ⰳ팻로쯓䀾ޓ㻜օℐ紸TklW | Reason: Extension not in whitelist
DELETED: D:\recup\MSI15405.tmp\ai_prompt_builder_tmp\ƽ฀耀ધᔁ੾匁嘘䑉猄ⴶ䅗\嵓ϱ皾침ﬆ斥侶饏،㶚萻朦१뱀 | Reason: Extension not in whitelist
DELETED: D:\recup\MSI15405.tmp\ai_prompt_builder_tmp\ƽ฀耀ધᔁ੾匁嘘䑉猄ⴶ䅗\嬦몣锜⍦⚌矛ɩ⵭溟༡뗧ﳧ㤢 | Reason: Extension not in whitelist
DELETED: D:\recup\MSI15405.tmp\ai_prompt_builder_tmp\ƽ฀耀ધᔁ੾匁嘘䑉猄ⴶ䅗\H;Xf!\⇐ꏣవ勠魽莌㰛뛽礆雰闩䬄б벽೒艁瘜蚂燇Ⲃ咽䤎পⴳﶚ馆ꐮ | Reason: Extension not in whitelist
DELETED: D:\recup\MSI15405.tmp\ai_prompt_builder_tmp\ƽ฀耀ધᔁ੾匁嘘䑉猄ⴶ䅗\H;Xf!\l#G]0IT | Reason: Extension not in whitelist
DELETED: D:\recup\MSI15405.tmp\ai_prompt_builder_tmp\ƽ฀耀ધᔁ੾匁嘘䑉猄ⴶ䅗\H;Xf!\ꡃ擙⿤栴咺냿剰䕑ࡋ茯㕁ꡔ埳❩OPtNw | Reason: Extension not in whitelist
DELETED: D:\recup\MSI15405.tmp\ai_prompt_builder_tmp\ƽ฀耀ધᔁ੾匁嘘䑉猄ⴶ䅗\H;Xf!\넨득哧瞧瘊硭ૐᵫ䳂쓾㬦꺈 | Reason: Extension not in whitelist
DELETED: D:\recup\MSI15405.tmp\ai_prompt_builder_tmp\ƽ฀耀ધᔁ੾匁嘘䑉猄ⴶ䅗\H;Xf!\뤜瞂퉐㖺ᕵⱒ砓㸫㊍꯻纀䜘䙏틔 | Reason: Extension not in whitelist
DELETED: D:\recup\MSI15405.tmp\ai_prompt_builder_tmp\ƽ฀耀ધᔁ੾匁嘘䑉猄ⴶ䅗\H;Xf!\씪쀕㯽ڃ謽곾㹮䞮壕ᇒ䭀뎺 | Reason: Extension not in whitelist
DELETED: D:\recup\MSI15405.tmp\ai_prompt_builder_tmp\ƽ฀耀ધᔁ੾匁嘘䑉猄ⴶ䅗\H;Xf!\凐喻빂돚襩Ꞇ◰䀽酻쎲᬴鴽㈦≚녫篗㹲䃐窾찋⮆ﺝ촁飬ꫨ閭溡冫⮱ | Reason: Extension not in whitelist
DELETED: D:\recup\MSI15405.tmp\ai_prompt_builder_tmp\ƽ฀耀ધᔁ੾匁嘘䑉猄ⴶ䅗\H;Xf!\咩찯誰䣨뀬翫镏鏍ꎖ置튗⨉㉌犁鎾၉㇯뻪辁荞滙曯跉瘬求痗栕발ĵģc攤埳㸇쮽ퟘ䷡䶪海⬸﵎暵∅Ꜥ증 | Reason: Extension not in whitelist
DELETED: D:\recup\MSI15405.tmp\ai_prompt_builder_tmp\ƽ฀耀ધᔁ੾匁嘘䑉猄ⴶ䅗\H;Xf!\啘閿窋꬗ᴞ디익ﵡ쬍뱹匠얼 | Reason: Extension not in whitelist
DELETED: D:\recup\MSI15405.tmp\ai_prompt_builder_tmp\ƽ฀耀ધᔁ੾匁嘘䑉猄ⴶ䅗\H;Xf!\婛걄懃솲莔뵤⨥洙瑈ꊦਣ樖걵ᰢ | Reason: Extension not in whitelist
DELETED: D:\recup\MSI15405.tmp\ai_prompt_builder_tmp\ƽ฀耀ધᔁ੾匁嘘䑉猄ⴶ䅗\H;Xf!\拧ᄟ䖖츏Ớ畵첝字抐廉됆켣緎﯍뒉 | Reason: Extension not in whitelist
DELETED: D:\recup\MSI15405.tmp\ai_prompt_builder_tmp\ƽ฀耀ધᔁ੾匁嘘䑉猄ⴶ䅗\H;Xf!\簛黌ᤫ⇪ǝ뿠⽠膈兑ᮧ㕼ᇌ쟩植뇽 | Reason: Extension not in whitelist
DELETED: D:\recup\MSI15405.tmp\ai_prompt_builder_tmp\ƽ฀耀ધᔁ੾匁嘘䑉猄ⴶ䅗\H;Xf!\訪쾂犾ꮏ㽎ꁜ᧿뫜銨㈏沣齁嬻 | Reason: Extension not in whitelist
DELETED: D:\recup\MSI15405.tmp\ai_prompt_builder_tmp\ƽ฀耀ધᔁ੾匁嘘䑉猄ⴶ䅗\H;Xf!\{F | Reason: Extension not in whitelist
DELETED: D:\recup\MSI15405.tmp\ai_prompt_builder_tmp\ƽ฀耀ધᔁ੾匁嘘䑉猄ⴶ䅗\H;Xf!\$8N+c[ | Reason: Extension not in whitelist
DELETED: D:\recup\MSI15405.tmp\ai_prompt_builder_tmp\ƽ฀耀ધᔁ੾匁嘘䑉猄ⴶ䅗\H;Xf!\k418.pk{ | Reason: Extension not in whitelist
DELETED: D:\recup\MSI15405.tmp\ai_prompt_builder_tmp\ƽ฀耀ધᔁ੾匁嘘䑉猄ⴶ䅗\H;Xf!\꽅᛿姝纻鱚網䗞캽䇼왚唕㪓枬ꜗ | Reason: Extension not in whitelist
DELETED: D:\recup\MSI15405.tmp\ai_prompt_builder_tmp\ƽ฀耀ધᔁ੾匁嘘䑉猄ⴶ䅗\H;Xf!\Tx___dF__l_姛䙭ไ挚⼋奉徯ނ韁喷এ㉸⎦ꗤ᭝씿蕧Ӟ吳꺹쩉烘즗ᾓӖ콇点WE1N\+q0 6kW,~# | Reason: Extension not in whitelist
DELETED: D:\recup\MSI15405.tmp\ai_prompt_builder_tmp\ƽ฀耀ધᔁ੾匁嘘䑉猄ⴶ䅗\H;Xf!\]JeOx9+Dbgb҂8\༡ೊꐀ䠆鵴艣坈菟頩　폀菰뺊ꐃ毂 | Reason: Extension not in whitelist
DELETED: D:\recup\MSI15405.tmp\ai_prompt_builder_tmp\ƽ฀耀ધᔁ੾匁嘘䑉猄ⴶ䅗\H;Xf!\]JeOx9+Dbgb҂8\JdT3 | Reason: Extension not in whitelist
DELETED: D:\recup\MSI15405.tmp\ai_prompt_builder_tmp\ƽ฀耀ધᔁ੾匁嘘䑉猄ⴶ䅗\H;Xf!\]JeOx9+Dbgb҂8\X)JDHY肮豄ᮣ㒀䅨䰈攝&倅ط㳤虙쬴ኋ | Reason: Extension not in whitelist
DELETED: D:\recup\MSI15405.tmp\ai_prompt_builder_tmp\ƽ฀耀ધᔁ੾匁嘘䑉猄ⴶ䅗\H;Xf!\]JeOx9+Dbgb҂8\᣸髮ొ섆厏줊뉒ᄛ㌍똭翅垭ࡈ㺎ﰂ\;$eSUC=F | Reason: Extension not in whitelist
DELETED: D:\recup\MSI15405.tmp\ai_prompt_builder_tmp\ƽ฀耀ધᔁ੾匁嘘䑉猄ⴶ䅗\H;Xf!\]JeOx9+Dbgb҂8\᣸髮ొ섆厏줊뉒ᄛ㌍똭翅垭ࡈ㺎ﰂ\(48]bL{hW= | Reason: Extension not in whitelist
DELETED: D:\recup\MSI15405.tmp\ai_prompt_builder_tmp\ƽ฀耀ધᔁ੾匁嘘䑉猄ⴶ䅗\H;Xf!\]JeOx9+Dbgb҂8\᣸髮ొ섆厏줊뉒ᄛ㌍똭翅垭ࡈ㺎ﰂ\ᓥ鲯归僡꨹漙粼誫ፕ裳綊䂔ꬭ㉉ | Reason: Extension not in whitelist
DELETED: D:\recup\MSI15405.tmp\ai_prompt_builder_tmp\ƽ฀耀ધᔁ੾匁嘘䑉猄ⴶ䅗\H;Xf!\]JeOx9+Dbgb҂8\᣸髮ొ섆厏줊뉒ᄛ㌍똭翅垭ࡈ㺎ﰂ\仇ᆩ⺏´⩜ᚑຎ㪰㹌遯轟Ⱥ둺ꊔ | Reason: Extension not in whitelist
DELETED: D:\recup\MSI15405.tmp\ai_prompt_builder_tmp\ƽ฀耀ધᔁ੾匁嘘䑉猄ⴶ䅗\H;Xf!\]JeOx9+Dbgb҂8\᣸髮ొ섆厏줊뉒ᄛ㌍똭翅垭ࡈ㺎ﰂ\咭户郐걓ꉨㄎ᮫雷帗➑꟡卮ᇋ걨⾥瀓赿컻僺ོᣅ碀窢綱䔴Ɫ멫酠숖 | Reason: Extension not in whitelist
DELETED: D:\recup\MSI15405.tmp\ai_prompt_builder_tmp\ƽ฀耀ધᔁ੾匁嘘䑉猄ⴶ䅗\H;Xf!\]JeOx9+Dbgb҂8\᣸髮ొ섆厏줊뉒ᄛ㌍똭翅垭ࡈ㺎ﰂ\缑礡䘩䒃螋鋉਍謧饝凌듟㣆铟 | Reason: Extension not in whitelist
DELETED: D:\recup\MSI15405.tmp\ai_prompt_builder_tmp\ƽ฀耀ધᔁ੾匁嘘䑉猄ⴶ䅗\H;Xf!\]JeOx9+Dbgb҂8\᣸髮ొ섆厏줊뉒ᄛ㌍똭翅垭ࡈ㺎ﰂ\k̞3 | Reason: Extension not in whitelist
DELETED: D:\recup\MSI15405.tmp\ai_prompt_builder_tmp\ƽ฀耀ધᔁ੾匁嘘䑉猄ⴶ䅗\H;Xf!\]JeOx9+Dbgb҂8\᣸髮ొ섆厏줊뉒ᄛ㌍똭翅垭ࡈ㺎ﰂ\䀍剫윧䱁ꬑ뼉聕飳㯫釱带鬑誝㴾វꐪᆴ璔ዀﲂ渹ꓬ煈⅀8R{x}~횕磼侙म瞫漡킛᬴ᴄ脭軔㠔쮈╉\ 逭鞽も鴀鱎햆ꙗ饐ݠﭩ愚梚ԯື | Reason: Extension not in whitelist
DELETED: D:\recup\MSI15405.tmp\ai_prompt_builder_tmp\ƽ฀耀ધᔁ੾匁嘘䑉猄ⴶ䅗\H;Xf!\]JeOx9+Dbgb҂8\᣸髮ొ섆厏줊뉒ᄛ㌍똭翅垭ࡈ㺎ﰂ\䀍剫윧䱁ꬑ뼉聕飳㯫釱带鬑誝㴾វꐪᆴ璔ዀﲂ渹ꓬ煈⅀8R{x}~횕磼侙म瞫漡킛᬴ᴄ脭軔㠔쮈╉\'z | Reason: Extension not in whitelist
DELETED: D:\recup\MSI15405.tmp\ai_prompt_builder_tmp\ƽ฀耀ધᔁ੾匁嘘䑉猄ⴶ䅗\H;Xf!\]JeOx9+Dbgb҂8\᣸髮ొ섆厏줊뉒ᄛ㌍똭翅垭ࡈ㺎ﰂ\䀍剫윧䱁ꬑ뼉聕飳㯫釱带鬑誝㴾វꐪᆴ璔ዀﲂ渹ꓬ煈⅀8R{x}~횕磼侙म瞫漡킛᬴ᴄ脭軔㠔쮈╉\$Nld@DvTw͗ | Reason: Extension not in whitelist
DELETED: D:\recup\MSI15405.tmp\ai_prompt_builder_tmp\ƽ฀耀ધᔁ੾匁嘘䑉猄ⴶ䅗\H;Xf!\]JeOx9+Dbgb҂8\᣸髮ొ섆厏줊뉒ᄛ㌍똭翅垭ࡈ㺎ﰂ\䀍剫윧䱁ꬑ뼉聕飳㯫釱带鬑誝㴾វꐪᆴ璔ዀﲂ渹ꓬ煈⅀8R{x}~횕磼侙म瞫漡킛᬴ᴄ脭軔㠔쮈╉\DiˤM#54 | Reason: Extension not in whitelist
DELETED: D:\recup\MSI15405.tmp\ai_prompt_builder_tmp\ƽ฀耀ધᔁ੾匁嘘䑉猄ⴶ䅗\H;Xf!\]JeOx9+Dbgb҂8\᣸髮ొ섆厏줊뉒ᄛ㌍똭翅垭ࡈ㺎ﰂ\䀍剫윧䱁ꬑ뼉聕飳㯫釱带鬑誝㴾វꐪᆴ璔ዀﲂ渹ꓬ煈⅀8R{x}~횕磼侙म瞫漡킛᬴ᴄ脭軔㠔쮈╉\쀩♐෫ᶵп蚅ﶸ⍈٧嚶㿴 | Reason: Extension not in whitelist
DELETED: D:\recup\MSI15405.tmp\ai_prompt_builder_tmp\ƽ฀耀ધᔁ੾匁嘘䑉猄ⴶ䅗\H;Xf!\]JeOx9+Dbgb҂8\᣸髮ొ섆厏줊뉒ᄛ㌍똭翅垭ࡈ㺎ﰂ\䀍剫윧䱁ꬑ뼉聕飳㯫釱带鬑誝㴾វꐪᆴ璔ዀﲂ渹ꓬ煈⅀8R{x}~횕磼侙म瞫漡킛᬴ᴄ脭軔㠔쮈╉\ꍤ玲亂⭝ժﮟ＜錨㇮로퓏슂ज헽أ | Reason: Extension not in whitelist
DELETED: D:\recup\MSI15405.tmp\ai_prompt_builder_tmp\ƽ฀耀ધᔁ੾匁嘘䑉猄ⴶ䅗\H;Xf!\]JeOx9+Dbgb҂8\᣸髮ొ섆厏줊뉒ᄛ㌍똭翅垭ࡈ㺎ﰂ\䀍剫윧䱁ꬑ뼉聕飳㯫釱带鬑誝㴾វꐪᆴ璔ዀﲂ渹ꓬ煈⅀8R{x}~횕磼侙म瞫漡킛᬴ᴄ脭軔㠔쮈╉\勥육ߜꁑ粌㷿ힺ왳豬窄뫗↠苧檳셐 | Reason: Extension not in whitelist
DELETED: D:\recup\MSI15405.tmp\ai_prompt_builder_tmp\ƽ฀耀ધᔁ੾匁嘘䑉猄ⴶ䅗\H;Xf!\]JeOx9+Dbgb҂8\᣸髮ొ섆厏줊뉒ᄛ㌍똭翅垭ࡈ㺎ﰂ\䀍剫윧䱁ꬑ뼉聕飳㯫釱带鬑誝㴾វꐪᆴ璔ዀﲂ渹ꓬ煈⅀8R{x}~횕磼侙म瞫漡킛᬴ᴄ脭軔㠔쮈╉\怍ꈤ༮姻酑앪筆ꚲ셵봅꯹躍卅ㅈ뉓ߖ߯ | Reason: Extension not in whitelist
DELETED: D:\recup\MSI15405.tmp\ai_prompt_builder_tmp\ƽ฀耀ધᔁ੾匁嘘䑉猄ⴶ䅗\H;Xf!\]JeOx9+Dbgb҂8\᣸髮ొ섆厏줊뉒ᄛ㌍똭翅垭ࡈ㺎ﰂ\䀍剫윧䱁ꬑ뼉聕飳㯫釱带鬑誝㴾វꐪᆴ璔ዀﲂ渹ꓬ煈⅀8R{x}~횕磼侙म瞫漡킛᬴ᴄ脭軔㠔쮈╉\桦ᘙ鑟Ⲵ㕉䤔癒ಕꚯǿ穏숸 | Reason: Extension not in whitelist
DELETED: D:\recup\MSI15405.tmp\ai_prompt_builder_tmp\ƽ฀耀ધᔁ੾匁嘘䑉猄ⴶ䅗\H;Xf!\]JeOx9+Dbgb҂8\᣸髮ొ섆厏줊뉒ᄛ㌍똭翅垭ࡈ㺎ﰂ\䀍剫윧䱁ꬑ뼉聕飳㯫釱带鬑誝㴾វꐪᆴ璔ዀﲂ渹ꓬ煈⅀8R{x}~횕磼侙म瞫漡킛᬴ᴄ脭軔㠔쮈╉\椀샏毃◀㍇㵛掘噾ꦾѦｕ䎠䇦H+m2mBh | Reason: Extension not in whitelist
DELETED: D:\recup\MSI15405.tmp\ai_prompt_builder_tmp\ƽ฀耀ધᔁ੾匁嘘䑉猄ⴶ䅗\H;Xf!\]JeOx9+Dbgb҂8\᣸髮ొ섆厏줊뉒ᄛ㌍똭翅垭ࡈ㺎ﰂ\䀍剫윧䱁ꬑ뼉聕飳㯫釱带鬑誝㴾វꐪᆴ璔ዀﲂ渹ꓬ煈⅀8R{x}~횕磼侙म瞫漡킛᬴ᴄ脭軔㠔쮈╉\腵菌䵏辟暇嫜羽왇ઋ战䒨뾓꫹烄ᱯ笊焮碿솠헢᪤讴ဏ舴邀⨗땡疽 | Reason: Extension not in whitelist
DELETED: D:\recup\MSI15405.tmp\ai_prompt_builder_tmp\ƽ฀耀ધᔁ੾匁嘘䑉猄ⴶ䅗\H;Xf!\]JeOx9+Dbgb҂8\᣸髮ొ섆厏줊뉒ᄛ㌍똭翅垭ࡈ㺎ﰂ\䀍剫윧䱁ꬑ뼉聕飳㯫釱带鬑誝㴾វꐪᆴ璔ዀﲂ渹ꓬ煈⅀8R{x}~횕磼侙म瞫漡킛᬴ᴄ脭軔㠔쮈╉\讌ꀔ芿씵嶟鲺ꛑ㌲柌뛲륝Ｊ뷙䄌㿽o}ªL | Reason: Extension not in whitelist
DELETED: D:\recup\MSI15405.tmp\ai_prompt_builder_tmp\ƽ฀耀ધᔁ੾匁嘘䑉猄ⴶ䅗\H;Xf!\]JeOx9+Dbgb҂8\᣸髮ొ섆厏줊뉒ᄛ㌍똭翅垭ࡈ㺎ﰂ\䀍剫윧䱁ꬑ뼉聕飳㯫釱带鬑誝㴾វꐪᆴ璔ዀﲂ渹ꓬ煈⅀8R{x}~횕磼侙म瞫漡킛᬴ᴄ脭軔㠔쮈╉\隠놗㒝満㼹꫃㻡篠ꖯ넖獟䀔섑 | Reason: Extension not in whitelist
DELETED: D:\recup\MSI15405.tmp\ai_prompt_builder_tmp\ƽ฀耀ધᔁ੾匁嘘䑉猄ⴶ䅗\H;Xf!\]JeOx9+Dbgb҂8\᣸髮ొ섆厏줊뉒ᄛ㌍똭翅垭ࡈ㺎ﰂ\䀍剫윧䱁ꬑ뼉聕飳㯫釱带鬑誝㴾វꐪᆴ璔ዀﲂ渹ꓬ煈⅀8R{x}~횕磼侙म瞫漡킛᬴ᴄ脭軔㠔쮈╉\霐䩮ኯ봜꽑谳ᄫ隍趎퀞䙻븆湼Ԃpj | Reason: Extension not in whitelist
DELETED: D:\recup\MSI15405.tmp\ai_prompt_builder_tmp\ƽ฀耀ધᔁ੾匁嘘䑉猄ⴶ䅗\H;Xf!\]JeOx9+Dbgb҂8\᣸髮ొ섆厏줊뉒ᄛ㌍똭翅垭ࡈ㺎ﰂ\䀍剫윧䱁ꬑ뼉聕飳㯫釱带鬑誝㴾វꐪᆴ璔ዀﲂ渹ꓬ煈⅀8R{x}~횕磼侙म瞫漡킛᬴ᴄ脭軔㠔쮈╉\鵚泥턟ꎿ⚠吴ᨌ櫖颇뎔Ѣ갞fi{ | Reason: Extension not in whitelist
DELETED: D:\recup\MSI15405.tmp\ai_prompt_builder_tmp\ƽ฀耀ધᔁ੾匁嘘䑉猄ⴶ䅗\H;Xf!\]JeOx9+Dbgb҂8\᣸髮ొ섆厏줊뉒ᄛ㌍똭翅垭ࡈ㺎ﰂ\䀍剫윧䱁ꬑ뼉聕飳㯫釱带鬑誝㴾វꐪᆴ璔ዀﲂ渹ꓬ煈⅀8R{x}~횕磼侙म瞫漡킛᬴ᴄ脭軔㠔쮈╉\๯﫨苊ᅼ끩冕璲ﺙ뙌턬햀⟭솚 | Reason: Extension not in whitelist
DELETED: D:\recup\MSI15405.tmp\ai_prompt_builder_tmp\ƽ฀耀ધᔁ੾匁嘘䑉猄ⴶ䅗\H;Xf!\]JeOx9+Dbgb҂8\᣸髮ొ섆厏줊뉒ᄛ㌍똭翅垭ࡈ㺎ﰂ\䀍剫윧䱁ꬑ뼉聕飳㯫釱带鬑誝㴾វꐪᆴ璔ዀﲂ渹ꓬ煈⅀8R{x}~횕磼侙म瞫漡킛᬴ᴄ脭軔㠔쮈╉\欫퀋᫥矉လ쏍鎆썑牸러㕱벯枟옐 | Reason: Extension not in whitelist
DELETED: D:\recup\MSI15405.tmp\ai_prompt_builder_tmp\ƽ฀耀ધᔁ੾匁嘘䑉猄ⴶ䅗\H;Xf!\]JeOx9+Dbgb҂8\᣸髮ొ섆厏줊뉒ᄛ㌍똭翅垭ࡈ㺎ﰂ\䀍剫윧䱁ꬑ뼉聕飳㯫釱带鬑誝㴾វꐪᆴ璔ዀﲂ渹ꓬ煈⅀8R{x}~횕磼侙म瞫漡킛᬴ᴄ脭軔㠔쮈╉\b5X~a㗿▨͓ശᬠ뾆궽䏁頑髪싼郭ぬ鏅砏꺫㛂釻銫픠ꑶ❴鐍Ề籶贱䞱壠뺉ٷ惽밟ᇾ쑞歸泋誖붱꠾㪤襀叚罀욖 | Reason: Extension not in whitelist
DELETED: D:\recup\MSI15405.tmp\ai_prompt_builder_tmp\ƽ฀耀ધᔁ੾匁嘘䑉猄ⴶ䅗\H;Xf!\]JeOx9+Dbgb҂8\᣸髮ొ섆厏줊뉒ᄛ㌍똭翅垭ࡈ㺎ﰂ\䀍剫윧䱁ꬑ뼉聕飳㯫釱带鬑誝㴾វꐪᆴ璔ዀﲂ渹ꓬ煈⅀8R{x}~횕磼侙म瞫漡킛᬴ᴄ脭軔㠔쮈╉\HӴlC_{ | Reason: Extension not in whitelist
DELETED: D:\recup\MSI15405.tmp\ai_prompt_builder_tmp\ƽ฀耀ધᔁ੾匁嘘䑉猄ⴶ䅗\H;Xf!\]JeOx9+Dbgb҂8\᣸髮ొ섆厏줊뉒ᄛ㌍똭翅垭ࡈ㺎ﰂ\䀍剫윧䱁ꬑ뼉聕飳㯫釱带鬑誝㴾វꐪᆴ璔ዀﲂ渹ꓬ煈⅀8R{x}~횕磼侙म瞫漡킛᬴ᴄ脭軔㠔쮈╉\xdɒ_w$8癶贘ⱕ꜏득㺖洕恚䛝쎢险ླ应˔爰 | Reason: Extension not in whitelist
DELETED: D:\recup\MSI15405.tmp\ai_prompt_builder_tmp\ƽ฀耀ધᔁ੾匁嘘䑉猄ⴶ䅗\H;Xf!\]JeOx9+Dbgb҂8\᣸髮ొ섆厏줊뉒ᄛ㌍똭翅垭ࡈ㺎ﰂ\䀍剫윧䱁ꬑ뼉聕飳㯫釱带鬑誝㴾វꐪᆴ璔ዀﲂ渹ꓬ煈⅀8R{x}~횕磼侙म瞫漡킛᬴ᴄ脭軔㠔쮈╉\_{+,MWuxosW~{y\jTF#Da4$E0䭮约龨亪᮪㾺찭촟ᒒ搐慛ⵟ墐云缠 | Reason: Extension not in whitelist
DELETED: D:\recup\MSI15405.tmp\ai_prompt_builder_tmp\ƽ฀耀ધᔁ੾匁嘘䑉猄ⴶ䅗\H;Xf!\]JeOx9+Dbgb҂8\᣸髮ొ섆厏줊뉒ᄛ㌍똭翅垭ࡈ㺎ﰂ\䀍剫윧䱁ꬑ뼉聕飳㯫釱带鬑誝㴾វꐪᆴ璔ዀﲂ渹ꓬ煈⅀8R{x}~횕磼侙म瞫漡킛᬴ᴄ脭軔㠔쮈╉\ꅎ훮刯Ⴗ裫䏜벲믓ꖊ纇䉑曐測굏\䅁䅁䅁䅁㵁ꥳ䄒䅁䅁䅁䅁䅁䅁䅁䅁AAAAAAA~q | Reason: Extension not in whitelist
DELETED: D:\recup\MSI15405.tmp\ai_prompt_builder_tmp\ƽ฀耀ધᔁ੾匁嘘䑉猄ⴶ䅗\H;Xf!\]JeOx9+Dbgb҂8\᣸髮ొ섆厏줊뉒ᄛ㌍똭翅垭ࡈ㺎ﰂ\䀍剫윧䱁ꬑ뼉聕飳㯫釱带鬑誝㴾វꐪᆴ璔ዀﲂ渹ꓬ煈⅀8R{x}~횕磼侙म瞫漡킛᬴ᴄ脭軔㠔쮈╉\ꅎ훮刯Ⴗ裫䏜벲믓ꖊ纇䉑曐測굏\^`o뭸Yݭ䅁䅁䅁䅁䅁䅁䅁䅁䅁䅁䅁漽ኩ䅁䅁䅁䅁䅁䅁䅁䅁䅁䅁ꡁ꫋䅁ᘞꩁ㛛➨ | Reason: Extension not in whitelist
DELETED: D:\recup\MSI15405.tmp\ai_prompt_builder_tmp\ƽ฀耀ધᔁ੾匁嘘䑉猄ⴶ䅗\H;Xf!\]JeOx9+Dbgb҂8\᣸髮ొ섆厏줊뉒ᄛ㌍똭翅垭ࡈ㺎ﰂ\䀍剫윧䱁ꬑ뼉聕飳㯫釱带鬑誝㴾វꐪᆴ璔ዀﲂ渹ꓬ煈⅀8R{x}~횕磼侙म瞫漡킛᬴ᴄ脭軔㠔쮈╉\ꅎ훮刯Ⴗ裫䏜벲믓ꖊ纇䉑曐測굏\䅁䅁䅁䅁䅁䅁䅁䅁䅁䅁䅁䅁䅁猽ኩ䅁䅁䅁䅁䅁䅁䅁䅁䅁䅁ꡁ꫋䅁䅁䅁\4zICxUF | Reason: Extension not in whitelist
DELETED: D:\recup\MSI15405.tmp\ai_prompt_builder_tmp\ƽ฀耀ધᔁ੾匁嘘䑉猄ⴶ䅗\H;Xf!\]JeOx9+Dbgb҂8\᣸髮ొ섆厏줊뉒ᄛ㌍똭翅垭ࡈ㺎ﰂ\䀍剫윧䱁ꬑ뼉聕飳㯫釱带鬑誝㴾វꐪᆴ璔ዀﲂ渹ꓬ煈⅀8R{x}~횕磼侙म瞫漡킛᬴ᴄ脭軔㠔쮈╉\ꅎ훮刯Ⴗ裫䏜벲믓ꖊ纇䉑曐測굏\䅁䅁䅁䅁䅁䅁䅁䅁䅁䅁䅁䅁䅁猽ኩ䅁䅁䅁䅁䅁䅁䅁䅁䅁䅁ꡁ꫋䅁䅁䅁\Q=D(MJن | Reason: Extension not in whitelist
DELETED: D:\recup\MSI15405.tmp\ai_prompt_builder_tmp\ƽ฀耀ધᔁ੾匁嘘䑉猄ⴶ䅗\H;Xf!\]JeOx9+Dbgb҂8\᣸髮ొ섆厏줊뉒ᄛ㌍똭翅垭ࡈ㺎ﰂ\䀍剫윧䱁ꬑ뼉聕飳㯫釱带鬑誝㴾វꐪᆴ璔ዀﲂ渹ꓬ煈⅀8R{x}~횕磼侙म瞫漡킛᬴ᴄ脭軔㠔쮈╉\ꅎ훮刯Ⴗ裫䏜벲믓ꖊ纇䉑曐測굏\䅁䅁䅁䅁䅁䅁䅁䅁䅁䅁䅁䅁䅁猽ኩ䅁䅁䅁䅁䅁䅁䅁䅁䅁䅁ꡁ꫋䅁䅁䅁\yqw | Reason: Extension not in whitelist
DELETED: D:\recup\MSI15405.tmp\ai_prompt_builder_tmp\ƽ฀耀ધᔁ੾匁嘘䑉猄ⴶ䅗\H;Xf!\]JeOx9+Dbgb҂8\᣸髮ొ섆厏줊뉒ᄛ㌍똭翅垭ࡈ㺎ﰂ\䀍剫윧䱁ꬑ뼉聕飳㯫釱带鬑誝㴾វꐪᆴ璔ዀﲂ渹ꓬ煈⅀8R{x}~횕磼侙म瞫漡킛᬴ᴄ脭軔㠔쮈╉\ꅎ훮刯Ⴗ裫䏜벲믓ꖊ纇䉑曐測굏\䅁䅁䅁䅁䅁䅁䅁䅁䅁䅁䅁䅁䅁猽ኩ䅁䅁䅁䅁䅁䅁䅁䅁䅁䅁ꡁ꫋䅁䅁䅁\ꂛﯔꝃ櫥炅ꓹ螺ඥ瓨붋戄밭⢹⺘\(_d_{_._8 | Reason: Extension not in whitelist
DELETED: D:\recup\MSI15405.tmp\ai_prompt_builder_tmp\ƽ฀耀ધᔁ੾匁嘘䑉猄ⴶ䅗\H;Xf!\]JeOx9+Dbgb҂8\᣸髮ొ섆厏줊뉒ᄛ㌍똭翅垭ࡈ㺎ﰂ\䀍剫윧䱁ꬑ뼉聕飳㯫釱带鬑誝㴾វꐪᆴ璔ዀﲂ渹ꓬ煈⅀8R{x}~횕磼侙म瞫漡킛᬴ᴄ脭軔㠔쮈╉\ꅎ훮刯Ⴗ裫䏜벲믓ꖊ纇䉑曐測굏\䅁䅁䅁䅁䅁䅁䅁䅁䅁䅁䅁䅁䅁猽ኩ䅁䅁䅁䅁䅁䅁䅁䅁䅁䅁ꡁ꫋䅁䅁䅁\ꂛﯔꝃ櫥炅ꓹ螺ඥ瓨붋戄밭⢹⺘\#ہnቫ~BU钰ụᕃ㬊ᑃ럭쪰ퟫ蛌觍篴脞䃴桦ᩜ ]ٗR, | Reason: Extension not in whitelist
DELETED: D:\recup\MSI15405.tmp\ai_prompt_builder_tmp\ƽ฀耀ધᔁ੾匁嘘䑉猄ⴶ䅗\H;Xf!\]JeOx9+Dbgb҂8\᣸髮ొ섆厏줊뉒ᄛ㌍똭翅垭ࡈ㺎ﰂ\䀍剫윧䱁ꬑ뼉聕飳㯫釱带鬑誝㴾វꐪᆴ璔ዀﲂ渹ꓬ煈⅀8R{x}~횕磼侙म瞫漡킛᬴ᴄ脭軔㠔쮈╉\ꅎ훮刯Ⴗ裫䏜벲믓ꖊ纇䉑曐測굏\䅁䅁䅁䅁䅁䅁䅁䅁䅁䅁䅁䅁䅁猽ኩ䅁䅁䅁䅁䅁䅁䅁䅁䅁䅁ꡁ꫋䅁䅁䅁\ꂛﯔꝃ櫥炅ꓹ螺ඥ瓨붋戄밭⢹⺘\b͆(_ | Reason: Extension not in whitelist
DELETED: D:\recup\MSI15405.tmp\ai_prompt_builder_tmp\ƽ฀耀ધᔁ੾匁嘘䑉猄ⴶ䅗\H;Xf!\]JeOx9+Dbgb҂8\᣸髮ొ섆厏줊뉒ᄛ㌍똭翅垭ࡈ㺎ﰂ\䀍剫윧䱁ꬑ뼉聕飳㯫釱带鬑誝㴾វꐪᆴ璔ዀﲂ渹ꓬ煈⅀8R{x}~횕磼侙म瞫漡킛᬴ᴄ脭軔㠔쮈╉\ꅎ훮刯Ⴗ裫䏜벲믓ꖊ纇䉑曐測굏\䅁䅁䅁䅁䅁䅁䅁䅁䅁䅁䅁䅁䅁猽ኩ䅁䅁䅁䅁䅁䅁䅁䅁䅁䅁ꡁ꫋䅁䅁䅁\ꂛﯔꝃ櫥炅ꓹ螺ඥ瓨붋戄밭⢹⺘\ࠝǦ̛㱳휏㒖彁槭㠛츯繆뫷. Ƭy=⋔쭸쎛ྒྷ㏯믻缋뺬밂풟徳딽鹎 | Reason: Extension not in whitelist
DELETED: D:\recup\MSI15405.tmp\ai_prompt_builder_tmp\ƽ฀耀ધᔁ੾匁嘘䑉猄ⴶ䅗\H;Xf!\]JeOx9+Dbgb҂8\᣸髮ొ섆厏줊뉒ᄛ㌍똭翅垭ࡈ㺎ﰂ\䀍剫윧䱁ꬑ뼉聕飳㯫釱带鬑誝㴾វꐪᆴ璔ዀﲂ渹ꓬ煈⅀8R{x}~횕磼侙म瞫漡킛᬴ᴄ脭軔㠔쮈╉\ꅎ훮刯Ⴗ裫䏜벲믓ꖊ纇䉑曐測굏\䅁䅁䅁䅁䅁䅁䅁䅁䅁䅁䅁䅁䅁猽ኩ䅁䅁䅁䅁䅁䅁䅁䅁䅁䅁ꡁ꫋䅁䅁䅁\ꂛﯔꝃ櫥炅ꓹ螺ඥ瓨붋戄밭⢹⺘\冉㔮ﳓꪌ얨瞩ᴎ腉됏ࡺξ鏉䉉 | Reason: Extension not in whitelist
DELETED: D:\recup\MSI15405.tmp\ai_prompt_builder_tmp\ƽ฀耀ધᔁ੾匁嘘䑉猄ⴶ䅗\H;Xf!\]JeOx9+Dbgb҂8\᣸髮ొ섆厏줊뉒ᄛ㌍똭翅垭ࡈ㺎ﰂ\䀍剫윧䱁ꬑ뼉聕飳㯫釱带鬑誝㴾វꐪᆴ璔ዀﲂ渹ꓬ煈⅀8R{x}~횕磼侙म瞫漡킛᬴ᴄ脭軔㠔쮈╉\ꅎ훮刯Ⴗ裫䏜벲믓ꖊ纇䉑曐測굏\䅁䅁䅁䅁䅁䅁䅁䅁䅁䅁䅁䅁䅁猽ኩ䅁䅁䅁䅁䅁䅁䅁䅁䅁䅁ꡁ꫋䅁䅁䅁\ꂛﯔꝃ櫥炅ꓹ螺ඥ瓨붋戄밭⢹⺘\ᕔ嶛뭕䤖ꬓ둶鮎畑蛦캎䷉ꂾ༅ﱭ跌跢她鼩쎶哰龓緘뫉噻养縐䙤 | Reason: Extension not in whitelist
DELETED: D:\recup\MSI15405.tmp\ai_prompt_builder_tmp\ƽ฀耀ધᔁ੾匁嘘䑉猄ⴶ䅗\H;Xf!\]JeOx9+Dbgb҂8\᣸髮ొ섆厏줊뉒ᄛ㌍똭翅垭ࡈ㺎ﰂ\䀍剫윧䱁ꬑ뼉聕飳㯫釱带鬑誝㴾វꐪᆴ璔ዀﲂ渹ꓬ煈⅀8R{x}~횕磼侙म瞫漡킛᬴ᴄ脭軔㠔쮈╉\ꅎ훮刯Ⴗ裫䏜벲믓ꖊ纇䉑曐測굏\䅁䅁䅁䅁䅁䅁䅁䅁䅁䅁䅁䅁䅁猽ኩ䅁䅁䅁䅁䅁䅁䅁䅁䅁䅁ꡁ꫋䅁䅁䅁\ꂛﯔꝃ櫥炅ꓹ螺ඥ瓨붋戄밭⢹⺘\eix | Reason: Extension not in whitelist
DELETED: D:\recup\MSI15405.tmp\ai_prompt_builder_tmp\ƽ฀耀ધᔁ੾匁嘘䑉猄ⴶ䅗\H;Xf!\]JeOx9+Dbgb҂8\᣸髮ొ섆厏줊뉒ᄛ㌍똭翅垭ࡈ㺎ﰂ\䀍剫윧䱁ꬑ뼉聕飳㯫釱带鬑誝㴾វꐪᆴ璔ዀﲂ渹ꓬ煈⅀8R{x}~횕磼侙म瞫漡킛᬴ᴄ脭軔㠔쮈╉\ꅎ훮刯Ⴗ裫䏜벲믓ꖊ纇䉑曐測굏\䅁䅁䅁䅁䅁䅁䅁䅁䅁䅁䅁䅁䅁猽ኩ䅁䅁䅁䅁䅁䅁䅁䅁䅁䅁ꡁ꫋䅁䅁䅁\ꂛﯔꝃ櫥炅ꓹ螺ඥ瓨붋戄밭⢹⺘\z'Ske壈\ἅ뤄⾿븛᳋빲决ꁁ嬢韽酌볪렩ㆇ瞾㰮ᰀ㍈環Ⅻ㬬慇ꏮ䮏煈䱎丹ʨあU{Vj | Reason: Extension not in whitelist
DELETED: D:\recup\MSI15405.tmp\ai_prompt_builder_tmp\ƽ฀耀ધᔁ੾匁嘘䑉猄ⴶ䅗\H;Xf!\]JeOx9+Dbgb҂8\᣸髮ొ섆厏줊뉒ᄛ㌍똭翅垭ࡈ㺎ﰂ\䀍剫윧䱁ꬑ뼉聕飳㯫釱带鬑誝㴾វꐪᆴ璔ዀﲂ渹ꓬ煈⅀8R{x}~횕磼侙म瞫漡킛᬴ᴄ脭軔㠔쮈╉\ꅎ훮刯Ⴗ裫䏜벲믓ꖊ纇䉑曐測굏\䅁䅁䅁䅁䅁䅁䅁䅁䅁䅁䅁䅁䅁猽ኩ䅁䅁䅁䅁䅁䅁䅁䅁䅁䅁ꡁ꫋䅁䅁䅁\ꂛﯔꝃ櫥炅ꓹ螺ඥ瓨붋戄밭⢹⺘\z'Ske壈\ⴵ챼恩㋔沿妦錫䘗Ƃ萍뤘옎 | Reason: Extension not in whitelist
DELETED: D:\recup\MSI15405.tmp\ai_prompt_builder_tmp\ƽ฀耀ધᔁ੾匁嘘䑉猄ⴶ䅗\H;Xf!\]JeOx9+Dbgb҂8\᣸髮ొ섆厏줊뉒ᄛ㌍똭翅垭ࡈ㺎ﰂ\䀍剫윧䱁ꬑ뼉聕飳㯫釱带鬑誝㴾វꐪᆴ璔ዀﲂ渹ꓬ煈⅀8R{x}~횕磼侙म瞫漡킛᬴ᴄ脭軔㠔쮈╉\ꅎ훮刯Ⴗ裫䏜벲믓ꖊ纇䉑曐測굏\䅁䅁䅁䅁䅁䅁䅁䅁䅁䅁䅁䅁䅁猽ኩ䅁䅁䅁䅁䅁䅁䅁䅁䅁䅁ꡁ꫋䅁䅁䅁\ꂛﯔꝃ櫥炅ꓹ螺ඥ瓨붋戄밭⢹⺘\z'Ske壈\式ﳺ蜚宄᭔왫媛ᇧ䄰믆稯栚숥ჺ떢ភ皢겱ⱊ르皪툌髐磴줂厈剗\uޙ[bU\ 䘀伃㶤㷯鶉镒崂騹墚ꯟ늪빩䤹.%9̿Gg | Reason: Extension not in whitelist
DELETED: D:\recup\MSI15405.tmp\ai_prompt_builder_tmp\ƽ฀耀ધᔁ੾匁嘘䑉猄ⴶ䅗\H;Xf!\]JeOx9+Dbgb҂8\᣸髮ొ섆厏줊뉒ᄛ㌍똭翅垭ࡈ㺎ﰂ\䀍剫윧䱁ꬑ뼉聕飳㯫釱带鬑誝㴾វꐪᆴ璔ዀﲂ渹ꓬ煈⅀8R{x}~횕磼侙म瞫漡킛᬴ᴄ脭軔㠔쮈╉\ꅎ훮刯Ⴗ裫䏜벲믓ꖊ纇䉑曐測굏\䅁䅁䅁䅁䅁䅁䅁䅁䅁䅁䅁䅁䅁猽ኩ䅁䅁䅁䅁䅁䅁䅁䅁䅁䅁ꡁ꫋䅁䅁䅁\ꂛﯔꝃ櫥炅ꓹ螺ඥ瓨붋戄밭⢹⺘\z'Ske壈\式ﳺ蜚宄᭔왫媛ᇧ䄰믆稯栚숥ჺ떢ភ皢겱ⱊ르皪툌髐磴줂厈剗\uޙ[bU\17ggti | Reason: Extension not in whitelist
DELETED: D:\recup\MSI15405.tmp\ai_prompt_builder_tmp\ƽ฀耀ધᔁ੾匁嘘䑉猄ⴶ䅗\H;Xf!\]JeOx9+Dbgb҂8\᣸髮ొ섆厏줊뉒ᄛ㌍똭翅垭ࡈ㺎ﰂ\䀍剫윧䱁ꬑ뼉聕飳㯫釱带鬑誝㴾វꐪᆴ璔ዀﲂ渹ꓬ煈⅀8R{x}~횕磼侙म瞫漡킛᬴ᴄ脭軔㠔쮈╉\ꅎ훮刯Ⴗ裫䏜벲믓ꖊ纇䉑曐測굏\䅁䅁䅁䅁䅁䅁䅁䅁䅁䅁䅁䅁䅁猽ኩ䅁䅁䅁䅁䅁䅁䅁䅁䅁䅁ꡁ꫋䅁䅁䅁\ꂛﯔꝃ櫥炅ꓹ螺ඥ瓨붋戄밭⢹⺘\z'Ske壈\式ﳺ蜚宄᭔왫媛ᇧ䄰믆稯栚숥ჺ떢ភ皢겱ⱊ르皪툌髐磴줂厈剗\uޙ[bU\᭕㼡怱筶뗉좹«鶿㨭뤍칻٨蓃艟 | Reason: Extension not in whitelist
DELETED: D:\recup\MSI15405.tmp\ai_prompt_builder_tmp\ƽ฀耀ધᔁ੾匁嘘䑉猄ⴶ䅗\H;Xf!\]JeOx9+Dbgb҂8\᣸髮ొ섆厏줊뉒ᄛ㌍똭翅垭ࡈ㺎ﰂ\䀍剫윧䱁ꬑ뼉聕飳㯫釱带鬑誝㴾វꐪᆴ璔ዀﲂ渹ꓬ煈⅀8R{x}~횕磼侙म瞫漡킛᬴ᴄ脭軔㠔쮈╉\ꅎ훮刯Ⴗ裫䏜벲믓ꖊ纇䉑曐測굏\䅁䅁䅁䅁䅁䅁䅁䅁䅁䅁䅁䅁䅁猽ኩ䅁䅁䅁䅁䅁䅁䅁䅁䅁䅁ꡁ꫋䅁䅁䅁\ꂛﯔꝃ櫥炅ꓹ螺ඥ瓨붋戄밭⢹⺘\z'Ske壈\式ﳺ蜚宄᭔왫媛ᇧ䄰믆稯栚숥ჺ떢ភ皢겱ⱊ르皪툌髐磴줂厈剗\uޙ[bU\႘ރ刊쑬䭵㹞焈톑オ隗ၩ맬컧 | Reason: Extension not in whitelist
DELETED: D:\recup\MSI15405.tmp\ai_prompt_builder_tmp\ƽ฀耀ધᔁ੾匁嘘䑉猄ⴶ䅗\H;Xf!\]JeOx9+Dbgb҂8\᣸髮ొ섆厏줊뉒ᄛ㌍똭翅垭ࡈ㺎ﰂ\䀍剫윧䱁ꬑ뼉聕飳㯫釱带鬑誝㴾វꐪᆴ璔ዀﲂ渹ꓬ煈⅀8R{x}~횕磼侙म瞫漡킛᬴ᴄ脭軔㠔쮈╉\ꅎ훮刯Ⴗ裫䏜벲믓ꖊ纇䉑曐測굏\䅁䅁䅁䅁䅁䅁䅁䅁䅁䅁䅁䅁䅁猽ኩ䅁䅁䅁䅁䅁䅁䅁䅁䅁䅁ꡁ꫋䅁䅁䅁\ꂛﯔꝃ櫥炅ꓹ螺ඥ瓨붋戄밭⢹⺘\z'Ske壈\式ﳺ蜚宄᭔왫媛ᇧ䄰믆稯栚숥ჺ떢ភ皢겱ⱊ르皪툌髐磴줂厈剗\uޙ[bU\U | Reason: Extension not in whitelist
DELETED: D:\recup\MSI15405.tmp\ai_prompt_builder_tmp\ƽ฀耀ધᔁ੾匁嘘䑉猄ⴶ䅗\H;Xf!\]JeOx9+Dbgb҂8\᣸髮ొ섆厏줊뉒ᄛ㌍똭翅垭ࡈ㺎ﰂ\䀍剫윧䱁ꬑ뼉聕飳㯫釱带鬑誝㴾វꐪᆴ璔ዀﲂ渹ꓬ煈⅀8R{x}~횕磼侙म瞫漡킛᬴ᴄ脭軔㠔쮈╉\ꅎ훮刯Ⴗ裫䏜벲믓ꖊ纇䉑曐測굏\䅁䅁䅁䅁䅁䅁䅁䅁䅁䅁䅁䅁䅁猽ኩ䅁䅁䅁䅁䅁䅁䅁䅁䅁䅁ꡁ꫋䅁䅁䅁\ꂛﯔꝃ櫥炅ꓹ螺ඥ瓨붋戄밭⢹⺘\z'Ske壈\式ﳺ蜚宄᭔왫媛ᇧ䄰믆稯栚숥ჺ떢ភ皢겱ⱊ르皪툌髐磴줂厈剗\uޙ[bU\җ^_2(=Qamf.e6(⊀㤮륤嫓䓂࿓䂪唣㣮杋ㅄ暞뚓ꈜ | Reason: Extension not in whitelist
DELETED: D:\recup\MSI15405.tmp\ai_prompt_builder_tmp\ƽ฀耀ધᔁ੾匁嘘䑉猄ⴶ䅗\H;Xf!\]JeOx9+Dbgb҂8\᣸髮ొ섆厏줊뉒ᄛ㌍똭翅垭ࡈ㺎ﰂ\䀍剫윧䱁ꬑ뼉聕飳㯫釱带鬑誝㴾វꐪᆴ璔ዀﲂ渹ꓬ煈⅀8R{x}~횕磼侙म瞫漡킛᬴ᴄ脭軔㠔쮈╉\ꅎ훮刯Ⴗ裫䏜벲믓ꖊ纇䉑曐測굏\䅁䅁䅁䅁䅁䅁䅁䅁䅁䅁䅁䅁䅁猽ኩ䅁䅁䅁䅁䅁䅁䅁䅁䅁䅁ꡁ꫋䅁䅁䅁\ꂛﯔꝃ櫥炅ꓹ螺ඥ瓨붋戄밭⢹⺘\z'Ske壈\式ﳺ蜚宄᭔왫媛ᇧ䄰믆稯栚숥ჺ떢ភ皢겱ⱊ르皪툌髐磴줂厈剗\uޙ[bU\ﭭ询ቕ샼ꙮ䂨詔买翱忣ﳜ⬏핚쉟(W | Reason: Extension not in whitelist
DELETED: D:\recup\MSI15405.tmp\ai_prompt_builder_tmp\ƽ฀耀ધᔁ੾匁嘘䑉猄ⴶ䅗\H;Xf!\]JeOx9+Dbgb҂8\᣸髮ొ섆厏줊뉒ᄛ㌍똭翅垭ࡈ㺎ﰂ\䀍剫윧䱁ꬑ뼉聕飳㯫釱带鬑誝㴾វꐪᆴ璔ዀﲂ渹ꓬ煈⅀8R{x}~횕磼侙म瞫漡킛᬴ᴄ脭軔㠔쮈╉\ꅎ훮刯Ⴗ裫䏜벲믓ꖊ纇䉑曐測굏\䅁䅁䅁䅁䅁䅁䅁䅁䅁䅁䅁䅁䅁猽ኩ䅁䅁䅁䅁䅁䅁䅁䅁䅁䅁ꡁ꫋䅁䅁䅁\ꂛﯔꝃ櫥炅ꓹ螺ඥ瓨붋戄밭⢹⺘\z'Ske壈\式ﳺ蜚宄᭔왫媛ᇧ䄰믆稯栚숥ჺ떢ភ皢겱ⱊ르皪툌髐磴줂厈剗\uޙ[bU\㉩䇎⽲踋鼦滤ꯂ邨戴牓䁄够㿒ꓼ | Reason: Extension not in whitelist
DELETED: D:\recup\MSI15405.tmp\ai_prompt_builder_tmp\ƽ฀耀ધᔁ੾匁嘘䑉猄ⴶ䅗\H;Xf!\]JeOx9+Dbgb҂8\᣸髮ొ섆厏줊뉒ᄛ㌍똭翅垭ࡈ㺎ﰂ\䀍剫윧䱁ꬑ뼉聕飳㯫釱带鬑誝㴾វꐪᆴ璔ዀﲂ渹ꓬ煈⅀8R{x}~횕磼侙म瞫漡킛᬴ᴄ脭軔㠔쮈╉\ꅎ훮刯Ⴗ裫䏜벲믓ꖊ纇䉑曐測굏\䅁䅁䅁䅁䅁䅁䅁䅁䅁䅁䅁䅁䅁猽ኩ䅁䅁䅁䅁䅁䅁䅁䅁䅁䅁ꡁ꫋䅁䅁䅁\ꂛﯔꝃ櫥炅ꓹ螺ඥ瓨붋戄밭⢹⺘\z'Ske壈\式ﳺ蜚宄᭔왫媛ᇧ䄰믆稯栚숥ჺ떢ភ皢겱ⱊ르皪툌髐磴줂厈剗\uޙ[bU\燏㬛⎅眂酻笝甐肔녀㷚辤ꭁ탅䐬俧♁Ặຄ㯑垖瞄뺧纄쥮扄折㊺㋨㓩㨑融윋⸜᲋໗멇쥏煈滮ഞ䇗륽 | Reason: Extension not in whitelist
DELETED: D:\recup\MSI15405.tmp\ai_prompt_builder_tmp\ƽ฀耀ધᔁ੾匁嘘䑉猄ⴶ䅗\H;Xf!\]JeOx9+Dbgb҂8\᣸髮ొ섆厏줊뉒ᄛ㌍똭翅垭ࡈ㺎ﰂ\䀍剫윧䱁ꬑ뼉聕飳㯫釱带鬑誝㴾វꐪᆴ璔ዀﲂ渹ꓬ煈⅀8R{x}~횕磼侙म瞫漡킛᬴ᴄ脭軔㠔쮈╉\ꅎ훮刯Ⴗ裫䏜벲믓ꖊ纇䉑曐測굏\䅁䅁䅁䅁䅁䅁䅁䅁䅁䅁䅁䅁䅁猽ኩ䅁䅁䅁䅁䅁䅁䅁䅁䅁䅁ꡁ꫋䅁䅁䅁\ꂛﯔꝃ櫥炅ꓹ螺ඥ瓨붋戄밭⢹⺘\z'Ske壈\式ﳺ蜚宄᭔왫媛ᇧ䄰믆稯栚숥ჺ떢ភ皢겱ⱊ르皪툌髐磴줂厈剗\uޙ[bU\䁥뒺い웢Ⴖ哵퐉ܳᨑ흐䛹頱돲ଓꭀ꠾∉㈯껥㗝⋕獐揵긿⬌ | Reason: Extension not in whitelist
DELETED: D:\recup\MSI15405.tmp\ai_prompt_builder_tmp\ƽ฀耀ધᔁ੾匁嘘䑉猄ⴶ䅗\H;Xf!\]JeOx9+Dbgb҂8\᣸髮ొ섆厏줊뉒ᄛ㌍똭翅垭ࡈ㺎ﰂ\䀍剫윧䱁ꬑ뼉聕飳㯫釱带鬑誝㴾វꐪᆴ璔ዀﲂ渹ꓬ煈⅀8R{x}~횕磼侙म瞫漡킛᬴ᴄ脭軔㠔쮈╉\ꅎ훮刯Ⴗ裫䏜벲믓ꖊ纇䉑曐測굏\䅁䅁䅁䅁䅁䅁䅁䅁䅁䅁䅁䅁䅁猽ኩ䅁䅁䅁䅁䅁䅁䅁䅁䅁䅁ꡁ꫋䅁䅁䅁\ꂛﯔꝃ櫥炅ꓹ螺ඥ瓨붋戄밭⢹⺘\z'Ske壈\式ﳺ蜚宄᭔왫媛ᇧ䄰믆稯栚숥ჺ떢ភ皢겱ⱊ르皪툌髐磴줂厈剗\uޙ[bU\䇹졤︲眾䍔↰押樨볢झ͛㢂唔⒖ﻔ痱窰懟㷛꼙鑾ӧ믓胇翂撁 | Reason: Extension not in whitelist
DELETED: D:\recup\MSI15405.tmp\ai_prompt_builder_tmp\ƽ฀耀ધᔁ੾匁嘘䑉猄ⴶ䅗\H;Xf!\]JeOx9+Dbgb҂8\᣸髮ొ섆厏줊뉒ᄛ㌍똭翅垭ࡈ㺎ﰂ\䀍剫윧䱁ꬑ뼉聕飳㯫釱带鬑誝㴾វꐪᆴ璔ዀﲂ渹ꓬ煈⅀8R{x}~횕磼侙म瞫漡킛᬴ᴄ脭軔㠔쮈╉\ꅎ훮刯Ⴗ裫䏜벲믓ꖊ纇䉑曐測굏\䅁䅁䅁䅁䅁䅁䅁䅁䅁䅁䅁䅁䅁猽ኩ䅁䅁䅁䅁䅁䅁䅁䅁䅁䅁ꡁ꫋䅁䅁䅁\ꂛﯔꝃ櫥炅ꓹ螺ඥ瓨붋戄밭⢹⺘\z'Ske壈\式ﳺ蜚宄᭔왫媛ᇧ䄰믆稯栚숥ჺ떢ភ皢겱ⱊ르皪툌髐磴줂厈剗\uޙ[bU\胘맗⨭诙쬛᢫深몛퍃Ᏼ쫽ﶜ㤦 | Reason: Extension not in whitelist
DELETED: D:\recup\MSI15405.tmp\ai_prompt_builder_tmp\ƽ฀耀ધᔁ੾匁嘘䑉猄ⴶ䅗\H;Xf!\]JeOx9+Dbgb҂8\᣸髮ొ섆厏줊뉒ᄛ㌍똭翅垭ࡈ㺎ﰂ\䀍剫윧䱁ꬑ뼉聕飳㯫釱带鬑誝㴾វꐪᆴ璔ዀﲂ渹ꓬ煈⅀8R{x}~횕磼侙म瞫漡킛᬴ᴄ脭軔㠔쮈╉\ꅎ훮刯Ⴗ裫䏜벲믓ꖊ纇䉑曐測굏\䅁䅁䅁䅁䅁䅁䅁䅁䅁䅁䅁䅁䅁猽ኩ䅁䅁䅁䅁䅁䅁䅁䅁䅁䅁ꡁ꫋䅁䅁䅁\ꂛﯔꝃ櫥炅ꓹ螺ඥ瓨붋戄밭⢹⺘\z'Ske壈\式ﳺ蜚宄᭔왫媛ᇧ䄰믆稯栚숥ჺ떢ភ皢겱ⱊ르皪툌髐磴줂厈剗\uޙ[bU\覺⅑聋喬䱰ꍏ踑솲ᦝ㧣䛇諞ᾂ￿ | Reason: Extension not in whitelist
DELETED: D:\recup\MSI15405.tmp\ai_prompt_builder_tmp\ƽ฀耀ધᔁ੾匁嘘䑉猄ⴶ䅗\H;Xf!\]JeOx9+Dbgb҂8\᣸髮ొ섆厏줊뉒ᄛ㌍똭翅垭ࡈ㺎ﰂ\䀍剫윧䱁ꬑ뼉聕飳㯫釱带鬑誝㴾វꐪᆴ璔ዀﲂ渹ꓬ煈⅀8R{x}~횕磼侙म瞫漡킛᬴ᴄ脭軔㠔쮈╉\ꅎ훮刯Ⴗ裫䏜벲믓ꖊ纇䉑曐測굏\䅁䅁䅁䅁䅁䅁䅁䅁䅁䅁䅁䅁䅁猽ኩ䅁䅁䅁䅁䅁䅁䅁䅁䅁䅁ꡁ꫋䅁䅁䅁\ꂛﯔꝃ櫥炅ꓹ螺ඥ瓨붋戄밭⢹⺘\z'Ske壈\式ﳺ蜚宄᭔왫媛ᇧ䄰믆稯栚숥ჺ떢ភ皢겱ⱊ르皪툌髐磴줂厈剗\uޙ[bU\麤ꡅ狯縱੷㌌饎徧묀꭭⌈퇌쵀_e__fk_ | Reason: Extension not in whitelist
DELETED: D:\recup\MSI15405.tmp\ai_prompt_builder_tmp\ƽ฀耀ધᔁ੾匁嘘䑉猄ⴶ䅗\H;Xf!\]JeOx9+Dbgb҂8\᣸髮ొ섆厏줊뉒ᄛ㌍똭翅垭ࡈ㺎ﰂ\䀍剫윧䱁ꬑ뼉聕飳㯫釱带鬑誝㴾វꐪᆴ璔ዀﲂ渹ꓬ煈⅀8R{x}~횕磼侙म瞫漡킛᬴ᴄ脭軔㠔쮈╉\ꅎ훮刯Ⴗ裫䏜벲믓ꖊ纇䉑曐測굏\䅁䅁䅁䅁䅁䅁䅁䅁䅁䅁䅁䅁䅁猽ኩ䅁䅁䅁䅁䅁䅁䅁䅁䅁䅁ꡁ꫋䅁䅁䅁\ꂛﯔꝃ櫥炅ꓹ螺ඥ瓨붋戄밭⢹⺘\z'Ske壈\式ﳺ蜚宄᭔왫媛ᇧ䄰믆稯栚숥ჺ떢ភ皢겱ⱊ르皪툌髐磴줂厈剗\uޙ[bU\Ȗ᥅望햅蜊⻻읋遴侹屣땿圍醀뙊ꦇ䓟柋徚ㆤ鿸ᗦ껳잆ỉን⥯鸶≘ | Reason: Extension not in whitelist
DELETED: D:\recup\MSI15405.tmp\ai_prompt_builder_tmp\ƽ฀耀ધᔁ੾匁嘘䑉猄ⴶ䅗\H;Xf!\]JeOx9+Dbgb҂8\᣸髮ొ섆厏줊뉒ᄛ㌍똭翅垭ࡈ㺎ﰂ\䀍剫윧䱁ꬑ뼉聕飳㯫釱带鬑誝㴾វꐪᆴ璔ዀﲂ渹ꓬ煈⅀8R{x}~횕磼侙म瞫漡킛᬴ᴄ脭軔㠔쮈╉\ꅎ훮刯Ⴗ裫䏜벲믓ꖊ纇䉑曐測굏\䅁䅁䅁䅁䅁䅁䅁䅁䅁䅁䅁䅁䅁猽ኩ䅁䅁䅁䅁䅁䅁䅁䅁䅁䅁ꡁ꫋䅁䅁䅁\ꂛﯔꝃ櫥炅ꓹ螺ඥ瓨붋戄밭⢹⺘\z'Ske壈\式ﳺ蜚宄᭔왫媛ᇧ䄰믆稯栚숥ჺ떢ភ皢겱ⱊ르皪툌髐磴줂厈剗\uޙ[bU\.n{+Ѓ!ԏ絍ޯ惾侑늏⯄찀釮䠟﫽빛햬珈 | Reason: Extension not in whitelist
DELETED: D:\recup\MSI15405.tmp\ai_prompt_builder_tmp\ƽ฀耀ધᔁ੾匁嘘䑉猄ⴶ䅗\H;Xf!\]JeOx9+Dbgb҂8\᣸髮ొ섆厏줊뉒ᄛ㌍똭翅垭ࡈ㺎ﰂ\䀍剫윧䱁ꬑ뼉聕飳㯫釱带鬑誝㴾វꐪᆴ璔ዀﲂ渹ꓬ煈⅀8R{x}~횕磼侙म瞫漡킛᬴ᴄ脭軔㠔쮈╉\ꅎ훮刯Ⴗ裫䏜벲믓ꖊ纇䉑曐測굏\䅁䅁䅁䅁䅁䅁䅁䅁䅁䅁䅁䅁䅁猽ኩ䅁䅁䅁䅁䅁䅁䅁䅁䅁䅁ꡁ꫋䅁䅁䅁\ꂛﯔꝃ櫥炅ꓹ螺ඥ瓨붋戄밭⢹⺘\z'Ske壈\式ﳺ蜚宄᭔왫媛ᇧ䄰믆稯栚숥ჺ떢ភ皢겱ⱊ르皪툌髐磴줂厈剗\uޙ[bU\pHL2N㪁⏓꺾噅细磶跻塭ヅᲁ鑕揀犾䵍ⴂꮅ챇┭鱱枓ﳥ䄶ᅅﾏ㸌䧦椕 | Reason: Extension not in whitelist
DELETED: D:\recup\MSI15405.tmp\ai_prompt_builder_tmp\ƽ฀耀ધᔁ੾匁嘘䑉猄ⴶ䅗\H;Xf!\]JeOx9+Dbgb҂8\᣸髮ొ섆厏줊뉒ᄛ㌍똭翅垭ࡈ㺎ﰂ\䀍剫윧䱁ꬑ뼉聕飳㯫釱带鬑誝㴾វꐪᆴ璔ዀﲂ渹ꓬ煈⅀8R{x}~횕磼侙म瞫漡킛᬴ᴄ脭軔㠔쮈╉\ꅎ훮刯Ⴗ裫䏜벲믓ꖊ纇䉑曐測굏\䅁䅁䅁䅁䅁䅁䅁䅁䅁䅁䅁䅁䅁猽ኩ䅁䅁䅁䅁䅁䅁䅁䅁䅁䅁ꡁ꫋䅁䅁䅁\ꂛﯔꝃ櫥炅ꓹ螺ඥ瓨붋戄밭⢹⺘\z'Ske壈\式ﳺ蜚宄᭔왫媛ᇧ䄰믆稯栚숥ჺ떢ភ皢겱ⱊ르皪툌髐磴줂厈剗\uޙ[bU\ƕWf | Reason: Extension not in whitelist
DELETED: D:\recup\MSI15405.tmp\ai_prompt_builder_tmp\ƽ฀耀ધᔁ੾匁嘘䑉猄ⴶ䅗\H;Xf!\]JeOx9+Dbgb҂8\᣸髮ొ섆厏줊뉒ᄛ㌍똭翅垭ࡈ㺎ﰂ\䀍剫윧䱁ꬑ뼉聕飳㯫釱带鬑誝㴾វꐪᆴ璔ዀﲂ渹ꓬ煈⅀8R{x}~횕磼侙म瞫漡킛᬴ᴄ脭軔㠔쮈╉\ꅎ훮刯Ⴗ裫䏜벲믓ꖊ纇䉑曐測굏\䅁䅁䅁䅁䅁䅁䅁䅁䅁䅁䅁䅁䅁猽ኩ䅁䅁䅁䅁䅁䅁䅁䅁䅁䅁ꡁ꫋䅁䅁䅁\ꂛﯔꝃ櫥炅ꓹ螺ඥ瓨붋戄밭⢹⺘\z'Ske壈\式ﳺ蜚宄᭔왫媛ᇧ䄰믆稯栚숥ჺ떢ភ皢겱ⱊ르皪툌髐磴줂厈剗\uޙ[bU\瀘瑳色ᙪ쒽磚讑㏓陧ꐲ呸ᎆ | Reason: Extension not in whitelist
DELETED: D:\recup\MSI15405.tmp\ai_prompt_builder_tmp\ƽ฀耀ધᔁ੾匁嘘䑉猄ⴶ䅗\H;Xf!\]JeOx9+Dbgb҂8\᣸髮ొ섆厏줊뉒ᄛ㌍똭翅垭ࡈ㺎ﰂ\䀍剫윧䱁ꬑ뼉聕飳㯫釱带鬑誝㴾វꐪᆴ璔ዀﲂ渹ꓬ煈⅀8R{x}~횕磼侙म瞫漡킛᬴ᴄ脭軔㠔쮈╉\ꅎ훮刯Ⴗ裫䏜벲믓ꖊ纇䉑曐測굏\䅁䅁䅁䅁䅁䅁䅁䅁䅁䅁䅁䅁䅁猽ኩ䅁䅁䅁䅁䅁䅁䅁䅁䅁䅁ꡁ꫋䅁䅁䅁\ꂛﯔꝃ櫥炅ꓹ螺ඥ瓨붋戄밭⢹⺘\z'Ske壈\式ﳺ蜚宄᭔왫媛ᇧ䄰믆稯栚숥ჺ떢ភ皢겱ⱊ르皪툌髐磴줂厈剗\uޙ[bU\扳᫵ቈ헑ㄝ괦ﱛ闝ｑગ輌⮇꠰픧咝瞃秇嫎죰챔Ｑବ⣈땣䉽廕ℂ࿆攃⛪賺褾҃殖໖㇀꼻ꦹች亍̒嫞甼Ė$\'CzR | Reason: Extension not in whitelist
DELETED: D:\recup\MSI15405.tmp\ai_prompt_builder_tmp\ƽ฀耀ધᔁ੾匁嘘䑉猄ⴶ䅗\H;Xf!\]JeOx9+Dbgb҂8\᣸髮ొ섆厏줊뉒ᄛ㌍똭翅垭ࡈ㺎ﰂ\䀍剫윧䱁ꬑ뼉聕飳㯫釱带鬑誝㴾វꐪᆴ璔ዀﲂ渹ꓬ煈⅀8R{x}~횕磼侙म瞫漡킛᬴ᴄ脭軔㠔쮈╉\ꅎ훮刯Ⴗ裫䏜벲믓ꖊ纇䉑曐測굏\䅁䅁䅁䅁䅁䅁䅁䅁䅁䅁䅁䅁䅁猽ኩ䅁䅁䅁䅁䅁䅁䅁䅁䅁䅁ꡁ꫋䅁䅁䅁\ꂛﯔꝃ櫥炅ꓹ螺ඥ瓨붋戄밭⢹⺘\z'Ske壈\式ﳺ蜚宄᭔왫媛ᇧ䄰믆稯栚숥ჺ떢ភ皢겱ⱊ르皪툌髐磴줂厈剗\uޙ[bU\鴣ﴃ೮⠿혎綡䔲䟩짬쌉⬉꣑꧑훉敫\lGCi | Reason: Extension not in whitelist
DELETED: D:\recup\MSI15405.tmp\ai_prompt_builder_tmp\ƽ฀耀ધᔁ੾匁嘘䑉猄ⴶ䅗\H;Xf!\]JeOx9+Dbgb҂8\᣸髮ొ섆厏줊뉒ᄛ㌍똭翅垭ࡈ㺎ﰂ\䀍剫윧䱁ꬑ뼉聕飳㯫釱带鬑誝㴾វꐪᆴ璔ዀﲂ渹ꓬ煈⅀8R{x}~횕磼侙म瞫漡킛᬴ᴄ脭軔㠔쮈╉\ꅎ훮刯Ⴗ裫䏜벲믓ꖊ纇䉑曐測굏\䅁䅁䅁䅁䅁䅁䅁䅁䅁䅁䅁䅁䅁猽ኩ䅁䅁䅁䅁䅁䅁䅁䅁䅁䅁ꡁ꫋䅁䅁䅁\ꂛﯔꝃ櫥炅ꓹ螺ඥ瓨붋戄밭⢹⺘\z'Ske壈\式ﳺ蜚宄᭔왫媛ᇧ䄰믆稯栚숥ჺ떢ភ皢겱ⱊ르皪툌髐磴줂厈剗\uޙ[bU\鴣ﴃ೮⠿혎綡䔲䟩짬쌉⬉꣑꧑훉敫\MS60Q | Reason: Extension not in whitelist
DELETED: D:\recup\MSI15405.tmp\ai_prompt_builder_tmp\ƽ฀耀ધᔁ੾匁嘘䑉猄ⴶ䅗\H;Xf!\]JeOx9+Dbgb҂8\᣸髮ొ섆厏줊뉒ᄛ㌍똭翅垭ࡈ㺎ﰂ\䀍剫윧䱁ꬑ뼉聕飳㯫釱带鬑誝㴾វꐪᆴ璔ዀﲂ渹ꓬ煈⅀8R{x}~횕磼侙म瞫漡킛᬴ᴄ脭軔㠔쮈╉\ꅎ훮刯Ⴗ裫䏜벲믓ꖊ纇䉑曐測굏\䅁䅁䅁䅁䅁䅁䅁䅁䅁䅁䅁䅁䅁猽ኩ䅁䅁䅁䅁䅁䅁䅁䅁䅁䅁ꡁ꫋䅁䅁䅁\ꂛﯔꝃ櫥炅ꓹ螺ඥ瓨붋戄밭⢹⺘\z'Ske壈\式ﳺ蜚宄᭔왫媛ᇧ䄰믆稯栚숥ჺ떢ភ皢겱ⱊ르皪툌髐磴줂厈剗\uޙ[bU\鴣ﴃ೮⠿혎綡䔲䟩짬쌉⬉꣑꧑훉敫\쇚ꯞ튲☈꬐ᡇ뫩퀇僰哓଑䅇ኍ | Reason: Extension not in whitelist
DELETED: D:\recup\MSI15405.tmp\ai_prompt_builder_tmp\ƽ฀耀ધᔁ੾匁嘘䑉猄ⴶ䅗\H;Xf!\]JeOx9+Dbgb҂8\᣸髮ొ섆厏줊뉒ᄛ㌍똭翅垭ࡈ㺎ﰂ\䀍剫윧䱁ꬑ뼉聕飳㯫釱带鬑誝㴾វꐪᆴ璔ዀﲂ渹ꓬ煈⅀8R{x}~횕磼侙म瞫漡킛᬴ᴄ脭軔㠔쮈╉\ꅎ훮刯Ⴗ裫䏜벲믓ꖊ纇䉑曐測굏\䅁䅁䅁䅁䅁䅁䅁䅁䅁䅁䅁䅁䅁猽ኩ䅁䅁䅁䅁䅁䅁䅁䅁䅁䅁ꡁ꫋䅁䅁䅁\ꂛﯔꝃ櫥炅ꓹ螺ඥ瓨붋戄밭⢹⺘\z'Ske壈\式ﳺ蜚宄᭔왫媛ᇧ䄰믆稯栚숥ჺ떢ភ皢겱ⱊ르皪툌髐磴줂厈剗\uޙ[bU\鴣ﴃ೮⠿혎綡䔲䟩짬쌉⬉꣑꧑훉敫\쒢⭹慽䙃ꏘ幄퉋㮴࿘߾脄顉뢪鐚 | Reason: Extension not in whitelist
DELETED: D:\recup\MSI15405.tmp\ai_prompt_builder_tmp\ƽ฀耀ધᔁ੾匁嘘䑉猄ⴶ䅗\H;Xf!\]JeOx9+Dbgb҂8\᣸髮ొ섆厏줊뉒ᄛ㌍똭翅垭ࡈ㺎ﰂ\䀍剫윧䱁ꬑ뼉聕飳㯫釱带鬑誝㴾វꐪᆴ璔ዀﲂ渹ꓬ煈⅀8R{x}~횕磼侙म瞫漡킛᬴ᴄ脭軔㠔쮈╉\ꅎ훮刯Ⴗ裫䏜벲믓ꖊ纇䉑曐測굏\䅁䅁䅁䅁䅁䅁䅁䅁䅁䅁䅁䅁䅁猽ኩ䅁䅁䅁䅁䅁䅁䅁䅁䅁䅁ꡁ꫋䅁䅁䅁\ꂛﯔꝃ櫥炅ꓹ螺ඥ瓨붋戄밭⢹⺘\z'Ske壈\式ﳺ蜚宄᭔왫媛ᇧ䄰믆稯栚숥ჺ떢ភ皢겱ⱊ르皪툌髐磴줂厈剗\uޙ[bU\鴣ﴃ೮⠿혎綡䔲䟩짬쌉⬉꣑꧑훉敫\嚹慁糦椻ﬓ꒣썤ꬣ⣹旁竿蚴㤵 | Reason: Extension not in whitelist
DELETED: D:\recup\MSI15405.tmp\ai_prompt_builder_tmp\ƽ฀耀ધᔁ੾匁嘘䑉猄ⴶ䅗\H;Xf!\]JeOx9+Dbgb҂8\᣸髮ొ섆厏줊뉒ᄛ㌍똭翅垭ࡈ㺎ﰂ\䀍剫윧䱁ꬑ뼉聕飳㯫釱带鬑誝㴾វꐪᆴ璔ዀﲂ渹ꓬ煈⅀8R{x}~횕磼侙म瞫漡킛᬴ᴄ脭軔㠔쮈╉\ꅎ훮刯Ⴗ裫䏜벲믓ꖊ纇䉑曐測굏\䅁䅁䅁䅁䅁䅁䅁䅁䅁䅁䅁䅁䅁猽ኩ䅁䅁䅁䅁䅁䅁䅁䅁䅁䅁ꡁ꫋䅁䅁䅁\ꂛﯔꝃ櫥炅ꓹ螺ඥ瓨붋戄밭⢹⺘\z'Ske壈\式ﳺ蜚宄᭔왫媛ᇧ䄰믆稯栚숥ჺ떢ភ皢겱ⱊ르皪툌髐磴줂厈剗\uޙ[bU\鴣ﴃ೮⠿혎綡䔲䟩짬쌉⬉꣑꧑훉敫\揩᷿곢⍊곷欛↧ꡗ蒏寯뚄䠝 | Reason: Extension not in whitelist
DELETED: D:\recup\MSI15405.tmp\ai_prompt_builder_tmp\ƽ฀耀ધᔁ੾匁嘘䑉猄ⴶ䅗\H;Xf!\]JeOx9+Dbgb҂8\᣸髮ొ섆厏줊뉒ᄛ㌍똭翅垭ࡈ㺎ﰂ\䀍剫윧䱁ꬑ뼉聕飳㯫釱带鬑誝㴾វꐪᆴ璔ዀﲂ渹ꓬ煈⅀8R{x}~횕磼侙म瞫漡킛᬴ᴄ脭軔㠔쮈╉\ꅎ훮刯Ⴗ裫䏜벲믓ꖊ纇䉑曐測굏\䅁䅁䅁䅁䅁䅁䅁䅁䅁䅁䅁䅁䅁猽ኩ䅁䅁䅁䅁䅁䅁䅁䅁䅁䅁ꡁ꫋䅁䅁䅁\ꂛﯔꝃ櫥炅ꓹ螺ඥ瓨붋戄밭⢹⺘\z'Ske壈\式ﳺ蜚宄᭔왫媛ᇧ䄰믆稯栚숥ჺ떢ភ皢겱ⱊ르皪툌髐磴줂厈剗\uޙ[bU\鴣ﴃ೮⠿혎綡䔲䟩짬쌉⬉꣑꧑훉敫\䏤㎌῁➑粝巄밳쮛萊춫꫼㰞탼햳 | Reason: Extension not in whitelist
DELETED: D:\recup\MSI15405.tmp\ai_prompt_builder_tmp\ƽ฀耀ધᔁ੾匁嘘䑉猄ⴶ䅗\H;Xf!\]JeOx9+Dbgb҂8\᣸髮ొ섆厏줊뉒ᄛ㌍똭翅垭ࡈ㺎ﰂ\䀍剫윧䱁ꬑ뼉聕飳㯫釱带鬑誝㴾វꐪᆴ璔ዀﲂ渹ꓬ煈⅀8R{x}~횕磼侙म瞫漡킛᬴ᴄ脭軔㠔쮈╉\ꅎ훮刯Ⴗ裫䏜벲믓ꖊ纇䉑曐測굏\䅁䅁䅁䅁䅁䅁䅁䅁䅁䅁䅁䅁䅁猽ኩ䅁䅁䅁䅁䅁䅁䅁䅁䅁䅁ꡁ꫋䅁䅁䅁\ꂛﯔꝃ櫥炅ꓹ螺ඥ瓨붋戄밭⢹⺘\z'Ske壈\式ﳺ蜚宄᭔왫媛ᇧ䄰믆稯栚숥ჺ떢ភ皢겱ⱊ르皪툌髐磴줂厈剗\uޙ[bU\鴣ﴃ೮⠿혎綡䔲䟩짬쌉⬉꣑꧑훉敫\䕚孄秓糎ㄨந둭遦䂊钇ۥ홌퐷编 | Reason: Extension not in whitelist
DELETED: D:\recup\MSI15405.tmp\ai_prompt_builder_tmp\ƽ฀耀ધᔁ੾匁嘘䑉猄ⴶ䅗\H;Xf!\]JeOx9+Dbgb҂8\᣸髮ొ섆厏줊뉒ᄛ㌍똭翅垭ࡈ㺎ﰂ\䀍剫윧䱁ꬑ뼉聕飳㯫釱带鬑誝㴾វꐪᆴ璔ዀﲂ渹ꓬ煈⅀8R{x}~횕磼侙म瞫漡킛᬴ᴄ脭軔㠔쮈╉\ꅎ훮刯Ⴗ裫䏜벲믓ꖊ纇䉑曐測굏\䅁䅁䅁䅁䅁䅁䅁䅁䅁䅁䅁䅁䅁猽ኩ䅁䅁䅁䅁䅁䅁䅁䅁䅁䅁ꡁ꫋䅁䅁䅁\ꂛﯔꝃ櫥炅ꓹ螺ඥ瓨붋戄밭⢹⺘\z'Ske壈\式ﳺ蜚宄᭔왫媛ᇧ䄰믆稯栚숥ჺ떢ភ皢겱ⱊ르皪툌髐磴줂厈剗\uޙ[bU\鴣ﴃ೮⠿혎綡䔲䟩짬쌉⬉꣑꧑훉敫\6nIv$G} | Reason: Extension not in whitelist
DELETED: D:\recup\MSI15405.tmp\ai_prompt_builder_tmp\ƽ฀耀ધᔁ੾匁嘘䑉猄ⴶ䅗\H;Xf!\]JeOx9+Dbgb҂8\᣸髮ొ섆厏줊뉒ᄛ㌍똭翅垭ࡈ㺎ﰂ\䀍剫윧䱁ꬑ뼉聕飳㯫釱带鬑誝㴾វꐪᆴ璔ዀﲂ渹ꓬ煈⅀8R{x}~횕磼侙म瞫漡킛᬴ᴄ脭軔㠔쮈╉\ꅎ훮刯Ⴗ裫䏜벲믓ꖊ纇䉑曐測굏\䅁䅁䅁䅁䅁䅁䅁䅁䅁䅁䅁䅁䅁猽ኩ䅁䅁䅁䅁䅁䅁䅁䅁䅁䅁ꡁ꫋䅁䅁䅁\ꂛﯔꝃ櫥炅ꓹ螺ඥ瓨붋戄밭⢹⺘\z'Ske壈\式ﳺ蜚宄᭔왫媛ᇧ䄰믆稯栚숥ჺ떢ភ皢겱ⱊ르皪툌髐磴줂厈剗\uޙ[bU\鴣ﴃ೮⠿혎綡䔲䟩짬쌉⬉꣑꧑훉敫\e=aml粢쯺孿콊鏪望ᤕᶠﶨ嫕쏳ೈ㱞촵 | Reason: Extension not in whitelist
DELETED: D:\recup\MSI15405.tmp\ai_prompt_builder_tmp\ƽ฀耀ધᔁ੾匁嘘䑉猄ⴶ䅗\H;Xf!\]JeOx9+Dbgb҂8\᣸髮ొ섆厏줊뉒ᄛ㌍똭翅垭ࡈ㺎ﰂ\䀍剫윧䱁ꬑ뼉聕飳㯫釱带鬑誝㴾វꐪᆴ璔ዀﲂ渹ꓬ煈⅀8R{x}~횕磼侙म瞫漡킛᬴ᴄ脭軔㠔쮈╉\ꅎ훮刯Ⴗ裫䏜벲믓ꖊ纇䉑曐測굏\䅁䅁䅁䅁䅁䅁䅁䅁䅁䅁䅁䅁䅁猽ኩ䅁䅁䅁䅁䅁䅁䅁䅁䅁䅁ꡁ꫋䅁䅁䅁\ꂛﯔꝃ櫥炅ꓹ螺ඥ瓨붋戄밭⢹⺘\z'Ske壈\式ﳺ蜚宄᭔왫媛ᇧ䄰믆稯栚숥ჺ떢ភ皢겱ⱊ르皪툌髐磴줂厈剗\uޙ[bU\鴣ﴃ೮⠿혎綡䔲䟩짬쌉⬉꣑꧑훉敫\lCAH | Reason: Extension not in whitelist
DELETED: D:\recup\MSI15405.tmp\ai_prompt_builder_tmp\ƽ฀耀ધᔁ੾匁嘘䑉猄ⴶ䅗\H;Xf!\]JeOx9+Dbgb҂8\᣸髮ొ섆厏줊뉒ᄛ㌍똭翅垭ࡈ㺎ﰂ\䀍剫윧䱁ꬑ뼉聕飳㯫釱带鬑誝㴾វꐪᆴ璔ዀﲂ渹ꓬ煈⅀8R{x}~횕磼侙म瞫漡킛᬴ᴄ脭軔㠔쮈╉\ꅎ훮刯Ⴗ裫䏜벲믓ꖊ纇䉑曐測굏\䅁䅁䅁䅁䅁䅁䅁䅁䅁䅁䅁䅁䅁猽ኩ䅁䅁䅁䅁䅁䅁䅁䅁䅁䅁ꡁ꫋䅁䅁䅁\ꂛﯔꝃ櫥炅ꓹ螺ඥ瓨붋戄밭⢹⺘\z'Ske壈\式ﳺ蜚宄᭔왫媛ᇧ䄰믆稯栚숥ჺ떢ភ皢겱ⱊ르皪툌髐磴줂厈剗\uޙ[bU\鴣ﴃ೮⠿혎綡䔲䟩짬쌉⬉꣑꧑훉敫\陯㐽뺕ឩ꾂킺꯾힪䑲ꎌꪄ뢲푻䯥돟봩찟뛑彛㙶鵡펶ﺅ쇔蜸鱊䛠쫀㾄牆\፞٫ᤵ炣Έ₍ԉ㙆鏰칉菛ࣧ˝ | Reason: Extension not in whitelist
DELETED: D:\recup\MSI15405.tmp\ai_prompt_builder_tmp\ƽ฀耀ધᔁ੾匁嘘䑉猄ⴶ䅗\H;Xf!\]JeOx9+Dbgb҂8\᣸髮ొ섆厏줊뉒ᄛ㌍똭翅垭ࡈ㺎ﰂ\䀍剫윧䱁ꬑ뼉聕飳㯫釱带鬑誝㴾វꐪᆴ璔ዀﲂ渹ꓬ煈⅀8R{x}~횕磼侙म瞫漡킛᬴ᴄ脭軔㠔쮈╉\ꅎ훮刯Ⴗ裫䏜벲믓ꖊ纇䉑曐測굏\䅁䅁䅁䅁䅁䅁䅁䅁䅁䅁䅁䅁䅁猽ኩ䅁䅁䅁䅁䅁䅁䅁䅁䅁䅁ꡁ꫋䅁䅁䅁\ꂛﯔꝃ櫥炅ꓹ螺ඥ瓨붋戄밭⢹⺘\z'Ske壈\式ﳺ蜚宄᭔왫媛ᇧ䄰믆稯栚숥ჺ떢ភ皢겱ⱊ르皪툌髐磴줂厈剗\uޙ[bU\鴣ﴃ೮⠿혎綡䔲䟩짬쌉⬉꣑꧑훉敫\陯㐽뺕ឩ꾂킺꯾힪䑲ꎌꪄ뢲푻䯥돟봩찟뛑彛㙶鵡펶ﺅ쇔蜸鱊䛠쫀㾄牆\5KSW | Reason: Extension not in whitelist
DELETED: D:\recup\MSI15405.tmp\ai_prompt_builder_tmp\ƽ฀耀ધᔁ੾匁嘘䑉猄ⴶ䅗\H;Xf!\]JeOx9+Dbgb҂8\᣸髮ొ섆厏줊뉒ᄛ㌍똭翅垭ࡈ㺎ﰂ\䀍剫윧䱁ꬑ뼉聕飳㯫釱带鬑誝㴾វꐪᆴ璔ዀﲂ渹ꓬ煈⅀8R{x}~횕磼侙म瞫漡킛᬴ᴄ脭軔㠔쮈╉\ꅎ훮刯Ⴗ裫䏜벲믓ꖊ纇䉑曐測굏\䅁䅁䅁䅁䅁䅁䅁䅁䅁䅁䅁䅁䅁猽ኩ䅁䅁䅁䅁䅁䅁䅁䅁䅁䅁ꡁ꫋䅁䅁䅁\ꂛﯔꝃ櫥炅ꓹ螺ඥ瓨붋戄밭⢹⺘\z'Ske壈\式ﳺ蜚宄᭔왫媛ᇧ䄰믆稯栚숥ჺ떢ភ皢겱ⱊ르皪툌髐磴줂厈剗\uޙ[bU\鴣ﴃ೮⠿혎綡䔲䟩짬쌉⬉꣑꧑훉敫\陯㐽뺕ឩ꾂킺꯾힪䑲ꎌꪄ뢲푻䯥돟봩찟뛑彛㙶鵡펶ﺅ쇔蜸鱊䛠쫀㾄牆\钇经ꯄﹹ஑㆙ᮯ羀퀿⹇袘ʣ冒ත\%s'UpNDワ昢Ⴏ담㣴ӓ뢊疝䤼歮踠㦠◦䦿ꯝ൭᪐⽐抠Ｕ籫䙓ᘥ | Reason: Extension not in whitelist
DELETED: D:\recup\MSI15405.tmp\ai_prompt_builder_tmp\ƽ฀耀ધᔁ੾匁嘘䑉猄ⴶ䅗\H;Xf!\]JeOx9+Dbgb҂8\᣸髮ొ섆厏줊뉒ᄛ㌍똭翅垭ࡈ㺎ﰂ\䀍剫윧䱁ꬑ뼉聕飳㯫釱带鬑誝㴾វꐪᆴ璔ዀﲂ渹ꓬ煈⅀8R{x}~횕磼侙म瞫漡킛᬴ᴄ脭軔㠔쮈╉\ꅎ훮刯Ⴗ裫䏜벲믓ꖊ纇䉑曐測굏\䅁䅁䅁䅁䅁䅁䅁䅁䅁䅁䅁䅁䅁猽ኩ䅁䅁䅁䅁䅁䅁䅁䅁䅁䅁ꡁ꫋䅁䅁䅁\ꂛﯔꝃ櫥炅ꓹ螺ඥ瓨붋戄밭⢹⺘\z'Ske壈\式ﳺ蜚宄᭔왫媛ᇧ䄰믆稯栚숥ჺ떢ភ皢겱ⱊ르皪툌髐磴줂厈剗\uޙ[bU\鴣ﴃ೮⠿혎綡䔲䟩짬쌉⬉꣑꧑훉敫\陯㐽뺕ឩ꾂킺꯾힪䑲ꎌꪄ뢲푻䯥돟봩찟뛑彛㙶鵡펶ﺅ쇔蜸鱊䛠쫀㾄牆\钇经ꯄﹹ஑㆙ᮯ羀퀿⹇袘ʣ冒ත\깨뢪󼟾ꙫ仔ᣀꉗ뛮؞ꩭ䭼倛￭ | Reason: Extension not in whitelist
DELETED: D:\recup\MSI15405.tmp\ai_prompt_builder_tmp\ƽ฀耀ધᔁ੾匁嘘䑉猄ⴶ䅗\H;Xf!\]JeOx9+Dbgb҂8\᣸髮ొ섆厏줊뉒ᄛ㌍똭翅垭ࡈ㺎ﰂ\䀍剫윧䱁ꬑ뼉聕飳㯫釱带鬑誝㴾វꐪᆴ璔ዀﲂ渹ꓬ煈⅀8R{x}~횕磼侙म瞫漡킛᬴ᴄ脭軔㠔쮈╉\ꅎ훮刯Ⴗ裫䏜벲믓ꖊ纇䉑曐測굏\䅁䅁䅁䅁䅁䅁䅁䅁䅁䅁䅁䅁䅁猽ኩ䅁䅁䅁䅁䅁䅁䅁䅁䅁䅁ꡁ꫋䅁䅁䅁\ꂛﯔꝃ櫥炅ꓹ螺ඥ瓨붋戄밭⢹⺘\z'Ske壈\式ﳺ蜚宄᭔왫媛ᇧ䄰믆稯栚숥ჺ떢ភ皢겱ⱊ르皪툌髐磴줂厈剗\uޙ[bU\鴣ﴃ೮⠿혎綡䔲䟩짬쌉⬉꣑꧑훉敫\陯㐽뺕ឩ꾂킺꯾힪䑲ꎌꪄ뢲푻䯥돟봩찟뛑彛㙶鵡펶ﺅ쇔蜸鱊䛠쫀㾄牆\钇经ꯄﹹ஑㆙ᮯ羀퀿⹇袘ʣ冒ත\'}KQWȀㅀ劋ុ弤껝꿛䛼ཆ찆⳷⁨ꇱ稴戦7t\~w޼ | Reason: Extension not in whitelist
DELETED: D:\recup\MSI15405.tmp\ai_prompt_builder_tmp\ƽ฀耀ધᔁ੾匁嘘䑉猄ⴶ䅗\H;Xf!\]JeOx9+Dbgb҂8\᣸髮ొ섆厏줊뉒ᄛ㌍똭翅垭ࡈ㺎ﰂ\䀍剫윧䱁ꬑ뼉聕飳㯫釱带鬑誝㴾វꐪᆴ璔ዀﲂ渹ꓬ煈⅀8R{x}~횕磼侙म瞫漡킛᬴ᴄ脭軔㠔쮈╉\ꅎ훮刯Ⴗ裫䏜벲믓ꖊ纇䉑曐測굏\䅁䅁䅁䅁䅁䅁䅁䅁䅁䅁䅁䅁䅁猽ኩ䅁䅁䅁䅁䅁䅁䅁䅁䅁䅁ꡁ꫋䅁䅁䅁\ꂛﯔꝃ櫥炅ꓹ螺ඥ瓨붋戄밭⢹⺘\z'Ske壈\式ﳺ蜚宄᭔왫媛ᇧ䄰믆稯栚숥ჺ떢ភ皢겱ⱊ르皪툌髐磴줂厈剗\uޙ[bU\鴣ﴃ೮⠿혎綡䔲䟩짬쌉⬉꣑꧑훉敫\陯㐽뺕ឩ꾂킺꯾힪䑲ꎌꪄ뢲푻䯥돟봩찟뛑彛㙶鵡펶ﺅ쇔蜸鱊䛠쫀㾄牆\钇经ꯄﹹ஑㆙ᮯ羀퀿⹇袘ʣ冒ත\'}KQWȀㅀ劋ុ弤껝꿛䛼ཆ찆⳷⁨ꇱ稴戦7t\嶳鐊∆ῐ퉙ģ␧븄᷆હꄖﱅ⒴䙚 | Reason: Extension not in whitelist
DELETED: D:\recup\MSI15405.tmp\ai_prompt_builder_tmp\ƽ฀耀ધᔁ੾匁嘘䑉猄ⴶ䅗\H;Xf!\]JeOx9+Dbgb҂8\᣸髮ొ섆厏줊뉒ᄛ㌍똭翅垭ࡈ㺎ﰂ\䀍剫윧䱁ꬑ뼉聕飳㯫釱带鬑誝㴾វꐪᆴ璔ዀﲂ渹ꓬ煈⅀8R{x}~횕磼侙म瞫漡킛᬴ᴄ脭軔㠔쮈╉\ꅎ훮刯Ⴗ裫䏜벲믓ꖊ纇䉑曐測굏\䅁䅁䅁䅁䅁䅁䅁䅁䅁䅁䅁䅁䅁猽ኩ䅁䅁䅁䅁䅁䅁䅁䅁䅁䅁ꡁ꫋䅁䅁䅁\ꂛﯔꝃ櫥炅ꓹ螺ඥ瓨붋戄밭⢹⺘\kM\f4As | Reason: Extension not in whitelist
DELETED: D:\recup\MSI15405.tmp\ai_prompt_builder_tmp\ƽ฀耀ધᔁ੾匁嘘䑉猄ⴶ䅗\H;Xf!\]JeOx9+Dbgb҂8\᣸髮ొ섆厏줊뉒ᄛ㌍똭翅垭ࡈ㺎ﰂ\䀍剫윧䱁ꬑ뼉聕飳㯫釱带鬑誝㴾វꐪᆴ璔ዀﲂ渹ꓬ煈⅀8R{x}~횕磼侙म瞫漡킛᬴ᴄ脭軔㠔쮈╉\ff9\τ-VC,Qz'!k襢柝ꬁ蜎Ւ鰉ײַ怖ꁠង쟿ဝ☀붅 | Reason: Extension not in whitelist
DELETED: D:\recup\recup_dir.1\f237755904_domain_actions_dll | Reason: Extension not in whitelist
DELETED: D:\recup\recup_dir.1\f237756416.txt | Reason: Extension not in whitelist
DELETED: D:\recup\recup_dir.1\f237758976.txt | Reason: Extension not in whitelist
DELETED: D:\recup\recup_dir.1\f237761024.txt | Reason: Extension not in whitelist
DELETED: D:\recup\recup_dir.1\f237762048.txt | Reason: Extension not in whitelist
DELETED: D:\recup\recup_dir.1\f237763072.txt | Reason: Extension not in whitelist
DELETED: D:\recup\recup_dir.1\f237766144.txt | Reason: Extension not in whitelist
DELETED: D:\recup\recup_dir.1\f237767168.txt | Reason: Extension not in whitelist
DELETED: D:\recup\recup_dir.1\f237768192.txt | Reason: Extension not in whitelist
DELETED: D:\recup\recup_dir.1\f237769728.txt | Reason: Extension not in whitelist
DELETED: D:\recup\recup_dir.1\f237771264.txt | Reason: Extension not in whitelist
DELETED: D:\recup\recup_dir.1\f237772288.txt | Reason: Extension not in whitelist
DELETED: D:\recup\recup_dir.1\f237773312.txt | Reason: Extension not in whitelist
DELETED: D:\recup\recup_dir.1\f237774848.txt | Reason: Extension not in whitelist
DELETED: D:\recup\recup_dir.1\f237775872.txt | Reason: Extension not in whitelist
DELETED: D:\recup\recup_dir.1\f237777408.txt | Reason: Extension not in whitelist
DELETED: D:\recup\recup_dir.1\f237780480.txt | Reason: Extension not in whitelist
DELETED: D:\recup\recup_dir.1\f237785600.txt | Reason: Extension not in whitelist
DELETED: D:\recup\recup_dir.1\f237786624.txt | Reason: Extension not in whitelist
DELETED: D:\recup\recup_dir.1\f237790720.txt | Reason: Extension not in whitelist
DELETED: D:\recup\recup_dir.1\f237792768.txt | Reason: Extension not in whitelist
DELETED: D:\recup\recup_dir.1\f237793792.txt | Reason: Extension not in whitelist
DELETED: D:\recup\recup_dir.1\f237794816.txt | Reason: Extension not in whitelist
DELETED: D:\recup\recup_dir.1\f237795840.txt | Reason: Extension not in whitelist
DELETED: D:\recup\recup_dir.1\f237796864.txt | Reason: Extension not in whitelist
DELETED: D:\recup\recup_dir.1\f237797888.txt | Reason: Extension not in whitelist
DELETED: D:\recup\recup_dir.1\f237798912.txt | Reason: Extension not in whitelist
DELETED: D:\recup\recup_dir.1\f237801984.txt | Reason: Extension not in whitelist
DELETED: D:\recup\recup_dir.1\f237820416.txt | Reason: Extension not in whitelist
DELETED: D:\recup\recup_dir.1\f237821440.txt | Reason: Extension not in whitelist
DELETED: D:\recup\recup_dir.1\f237822464.txt | Reason: Extension not in whitelist
DELETED: D:\recup\recup_dir.1\f237823488.txt | Reason: Extension not in whitelist
DELETED: D:\recup\recup_dir.1\f237825536.txt | Reason: Extension not in whitelist
DELETED: D:\recup\recup_dir.1\f237828608.txt | Reason: Extension not in whitelist
DELETED: D:\recup\recup_dir.1\f237829632.txt | Reason: Extension not in whitelist
DELETED: D:\recup\recup_dir.1\f237830656.txt | Reason: Extension not in whitelist
DELETED: D:\recup\recup_dir.1\f237831680.txt | Reason: Extension not in whitelist
DELETED: D:\recup\recup_dir.1\f237834752.txt | Reason: Extension not in whitelist
DELETED: D:\recup\recup_dir.1\f237835776.txt | Reason: Extension not in whitelist
DELETED: D:\recup\recup_dir.1\f237837312_uBlock_About.html | Reason: Extension not in whitelist
DELETED: D:\recup\recup_dir.1\f237837824.html | Reason: Extension not in whitelist
DELETED: D:\recup\recup_dir.1\f237838336.html | Reason: Extension not in whitelist
DELETED: D:\recup\recup_dir.1\f237840896.txt | Reason: Extension not in whitelist
DELETED: D:\recup\recup_dir.1\f237841408.txt | Reason: Extension not in whitelist
DELETED: D:\recup\recup_dir.1\f237842944.txt | Reason: Extension not in whitelist
DELETED: D:\recup\recup_dir.1\f237844480.txt | Reason: Extension not in whitelist
DELETED: D:\recup\recup_dir.1\f237844992.txt | Reason: Extension not in whitelist
DELETED: D:\recup\recup_dir.1\f237846016.txt | Reason: Extension not in whitelist
DELETED: D:\recup\recup_dir.1\f237848064.txt | Reason: Extension not in whitelist
DELETED: D:\recup\recup_dir.1\f237848576.txt | Reason: Extension not in whitelist
DELETED: D:\recup\recup_dir.1\f237849088.h | Reason: Extension not in whitelist
DELETED: D:\recup\recup_dir.1\f237849600.txt | Reason: Extension not in whitelist
DELETED: D:\recup\recup_dir.1\f237850112.h | Reason: Extension not in whitelist
DELETED: D:\recup\recup_dir.1\f237850624.txt | Reason: Extension not in whitelist
DELETED: D:\recup\recup_dir.1\f237851136_uBO_blank.html | Reason: Extension not in whitelist
DELETED: D:\recup\recup_dir.1\f237851648.html | Reason: Extension not in whitelist
DELETED: D:\recup\recup_dir.1\f237852160_Code_viewer.html | Reason: Extension not in whitelist
DELETED: D:\recup\recup_dir.1\f237853184.txt | Reason: Extension not in whitelist
DELETED: D:\recup\recup_dir.1\f237853696.txt | Reason: Extension not in whitelist
DELETED: D:\recup\recup_dir.1\f237854720.h | Reason: Extension not in whitelist
DELETED: D:\recup\recup_dir.1\f237855232.h | Reason: Extension not in whitelist
DELETED: D:\recup\recup_dir.1\f237856768.txt | Reason: Extension not in whitelist
DELETED: D:\recup\recup_dir.1\f237857280.txt | Reason: Extension not in whitelist
DELETED: D:\recup\recup_dir.1\f237857792.h | Reason: Extension not in whitelist
DELETED: D:\recup\recup_dir.1\f237860352.txt | Reason: Extension not in whitelist
DELETED: D:\recup\recup_dir.1\f237864448.h | Reason: Extension not in whitelist
DELETED: D:\recup\recup_dir.1\f237867520.h | Reason: Extension not in whitelist
DELETED: D:\recup\recup_dir.1\f237868032.h | Reason: Extension not in whitelist
DELETED: D:\recup\recup_dir.1\f237868544.txt | Reason: Extension not in whitelist
DELETED: D:\recup\recup_dir.1\f237869568.h | Reason: Extension not in whitelist
DELETED: D:\recup\recup_dir.1\f237870080.txt | Reason: Extension not in whitelist
DELETED: D:\recup\recup_dir.1\f237870592.h | Reason: Extension not in whitelist
DELETED: D:\recup\recup_dir.1\f237871104.h | Reason: Extension not in whitelist
DELETED: D:\recup\recup_dir.1\f237871616.h | Reason: Extension not in whitelist
DELETED: D:\recup\recup_dir.1\f237872128.txt | Reason: Extension not in whitelist
DELETED: D:\recup\recup_dir.1\f237872640.h | Reason: Extension not in whitelist
DELETED: D:\recup\recup_dir.1\f237873152.h | Reason: Extension not in whitelist
DELETED: D:\recup\recup_dir.1\f237874688.txt | Reason: Extension not in whitelist
DELETED: D:\recup\recup_dir.1\f237877760.txt | Reason: Extension not in whitelist
DELETED: D:\recup\recup_dir.1\f237878272.txt | Reason: Extension not in whitelist
DELETED: D:\recup\recup_dir.1\f237878784.h | Reason: Extension not in whitelist
DELETED: D:\recup\recup_dir.1\f237879296.h | Reason: Extension not in whitelist
DELETED: D:\recup\recup_dir.1\f237879808.txt | Reason: Extension not in whitelist
DELETED: D:\recup\recup_dir.1\f237880320.h | Reason: Extension not in whitelist
DELETED: D:\recup\recup_dir.1\f237880832.txt | Reason: Extension not in whitelist
DELETED: D:\recup\recup_dir.1\f237881344.txt | Reason: Extension not in whitelist
DELETED: D:\recup\recup_dir.1\f237881856.h | Reason: Extension not in whitelist
DELETED: D:\recup\recup_dir.1\f237882368.txt | Reason: Extension not in whitelist
DELETED: D:\recup\recup_dir.1\f237882880.txt | Reason: Extension not in whitelist
DELETED: D:\recup\recup_dir.1\f237883392.html | Reason: Extension not in whitelist
DELETED: D:\recup\recup_dir.1\f237883904_uBlock_Dev_tools.html | Reason: Extension not in whitelist
DELETED: D:\recup\recup_dir.1\f237884416.html | Reason: Extension not in whitelist
DELETED: D:\recup\recup_dir.1\f237884928_uBlock_Dynamic_filtering_rules.html | Reason: Extension not in whitelist
DELETED: D:\recup\recup_dir.1\f237886464.txt | Reason: Extension not in whitelist
DELETED: D:\recup\recup_dir.1\f237890048.txt | Reason: Extension not in whitelist
DELETED: D:\recup\recup_dir.1\f238013440.txt | Reason: Extension not in whitelist
DELETED: D:\recup\recup_dir.1\f238023680.txt | Reason: Extension not in whitelist
DELETED: D:\recup\recup_dir.1\f238024192.txt | Reason: Extension not in whitelist
DELETED: D:\recup\recup_dir.1\f238025728.txt | Reason: Extension not in whitelist
DELETED: D:\recup\recup_dir.1\f238027264.html | Reason: Extension not in whitelist
DELETED: D:\recup\recup_dir.1\f238028288.java | Reason: Extension not in whitelist
DELETED: D:\recup\recup_dir.1\f238028800.java | Reason: Extension not in whitelist
DELETED: D:\recup\recup_dir.1\f238029312.h | Reason: Extension not in whitelist
DELETED: D:\recup\recup_dir.1\f238029824.java | Reason: Extension not in whitelist
DELETED: D:\recup\recup_dir.1\f238030336.java | Reason: Extension not in whitelist
DELETED: D:\recup\recup_dir.1\f238030848.java | Reason: Extension not in whitelist
DELETED: D:\recup\recup_dir.1\f238031360.java | Reason: Extension not in whitelist
DELETED: D:\recup\recup_dir.1\f238031872.java | Reason: Extension not in whitelist
DELETED: D:\recup\recup_dir.1\f238032384.h | Reason: Extension not in whitelist
DELETED: D:\recup\recup_dir.1\f238032896.java | Reason: Extension not in whitelist
DELETED: D:\recup\recup_dir.1\f238033408.h | Reason: Extension not in whitelist
DELETED: D:\recup\recup_dir.1\f238033920.java | Reason: Extension not in whitelist
DELETED: D:\recup\recup_dir.1\f238034432.java | Reason: Extension not in whitelist
DELETED: D:\recup\recup_dir.1\f238034944.java | Reason: Extension not in whitelist
DELETED: D:\recup\recup_dir.1\f238035456.java | Reason: Extension not in whitelist
DELETED: D:\recup\recup_dir.1\f238035968.h | Reason: Extension not in whitelist
DELETED: D:\recup\recup_dir.1\f238036480.h | Reason: Extension not in whitelist
DELETED: D:\recup\recup_dir.1\f238036992.java | Reason: Extension not in whitelist
DELETED: D:\recup\recup_dir.1\f238037504.java | Reason: Extension not in whitelist
DELETED: D:\recup\recup_dir.1\f238038016.py | Reason: Extension not in whitelist
DELETED: D:\recup\recup_dir.1\f238038528.java | Reason: Extension not in whitelist
DELETED: D:\recup\recup_dir.1\f238039040.h | Reason: Extension not in whitelist
DELETED: D:\recup\recup_dir.1\f238039552.java | Reason: Extension not in whitelist
DELETED: D:\recup\recup_dir.1\f238040064.py | Reason: Extension not in whitelist
DELETED: D:\recup\recup_dir.1\f238040576.h | Reason: Extension not in whitelist
DELETED: D:\recup\recup_dir.1\f238041088.java | Reason: Extension not in whitelist
DELETED: D:\recup\recup_dir.1\f238041600.java | Reason: Extension not in whitelist
DELETED: D:\recup\recup_dir.1\f238042112.h | Reason: Extension not in whitelist
DELETED: D:\recup\recup_dir.1\f238042624.java | Reason: Extension not in whitelist
DELETED: D:\recup\recup_dir.1\f238043136.py | Reason: Extension not in whitelist
DELETED: D:\recup\recup_dir.1\f238043648.java | Reason: Extension not in whitelist
DELETED: D:\recup\recup_dir.1\f238044160.java | Reason: Extension not in whitelist
DELETED: D:\recup\recup_dir.1\f238044672.java | Reason: Extension not in whitelist
DELETED: D:\recup\recup_dir.1\f238045184.java | Reason: Extension not in whitelist
DELETED: D:\recup\recup_dir.1\f238045696.java | Reason: Extension not in whitelist
DELETED: D:\recup\recup_dir.1\f238046208.java | Reason: Extension not in whitelist
DELETED: D:\recup\recup_dir.1\f238047232.txt | Reason: Extension not in whitelist
DELETED: D:\recup\recup_dir.1\f238047744.txt | Reason: Extension not in whitelist
DELETED: D:\recup\recup_dir.1\f238048256.txt | Reason: Extension not in whitelist
DELETED: D:\recup\recup_dir.1\f238050304.java | Reason: Extension not in whitelist
DELETED: D:\recup\recup_dir.1\f238050816.java | Reason: Extension not in whitelist
DELETED: D:\recup\recup_dir.1\f238051328.java | Reason: Extension not in whitelist
DELETED: D:\recup\recup_dir.1\f238051840.java | Reason: Extension not in whitelist
DELETED: D:\recup\recup_dir.1\f238052352.java | Reason: Extension not in whitelist
DELETED: D:\recup\recup_dir.1\f238052864.java | Reason: Extension not in whitelist
DELETED: D:\recup\recup_dir.1\f238053376.java | Reason: Extension not in whitelist
DELETED: D:\recup\recup_dir.1\f238053888.py | Reason: Extension not in whitelist
DELETED: D:\recup\recup_dir.1\f238054400.java | Reason: Extension not in whitelist
DELETED: D:\recup\recup_dir.1\f238054912.java | Reason: Extension not in whitelist
DELETED: D:\recup\recup_dir.1\f238055424.java | Reason: Extension not in whitelist
DELETED: D:\recup\recup_dir.1\f238055936.java | Reason: Extension not in whitelist
DELETED: D:\recup\recup_dir.1\f238056448.java | Reason: Extension not in whitelist
DELETED: D:\recup\recup_dir.1\f238056960.java | Reason: Extension not in whitelist
DELETED: D:\recup\recup_dir.1\f238057472.java | Reason: Extension not in whitelist
DELETED: D:\recup\recup_dir.1\f238057984.java | Reason: Extension not in whitelist
DELETED: D:\recup\recup_dir.1\f238058496.java | Reason: Extension not in whitelist
DELETED: D:\recup\recup_dir.1\f238059008.java | Reason: Extension not in whitelist
DELETED: D:\recup\recup_dir.1\f238059520.py | Reason: Extension not in whitelist
DELETED: D:\recup\recup_dir.1\f238060032.java | Reason: Extension not in whitelist
DELETED: D:\recup\recup_dir.1\f238060544.h | Reason: Extension not in whitelist
DELETED: D:\recup\recup_dir.1\f238061056.java | Reason: Extension not in whitelist
DELETED: D:\recup\recup_dir.1\f238061568.java | Reason: Extension not in whitelist
DELETED: D:\recup\recup_dir.1\f238062080.py | Reason: Extension not in whitelist
DELETED: D:\recup\recup_dir.1\f238062592.java | Reason: Extension not in whitelist
DELETED: D:\recup\recup_dir.1\f238063104.java | Reason: Extension not in whitelist
DELETED: D:\recup\recup_dir.1\f238063616.java | Reason: Extension not in whitelist
DELETED: D:\recup\recup_dir.1\f238064128.java | Reason: Extension not in whitelist
DELETED: D:\recup\recup_dir.1\f238064640.java | Reason: Extension not in whitelist
DELETED: D:\recup\recup_dir.1\f238065152.py | Reason: Extension not in whitelist
DELETED: D:\recup\recup_dir.1\f238065664.py | Reason: Extension not in whitelist
DELETED: D:\recup\recup_dir.1\f238066176.py | Reason: Extension not in whitelist
DELETED: D:\recup\recup_dir.1\f238066688.java | Reason: Extension not in whitelist
DELETED: D:\recup\recup_dir.1\f238067200.java | Reason: Extension not in whitelist
DELETED: D:\recup\recup_dir.1\f238068224.h | Reason: Extension not in whitelist
DELETED: D:\recup\recup_dir.1\f238068736.h | Reason: Extension not in whitelist
DELETED: D:\recup\recup_dir.1\f238069248.h | Reason: Extension not in whitelist
DELETED: D:\recup\recup_dir.1\f238069760.h | Reason: Extension not in whitelist
DELETED: D:\recup\recup_dir.1\f238070272.h | Reason: Extension not in whitelist
DELETED: D:\recup\recup_dir.1\f238070784.h | Reason: Extension not in whitelist
DELETED: D:\recup\recup_dir.1\f238071296.h | Reason: Extension not in whitelist
DELETED: D:\recup\recup_dir.1\f238071808.h | Reason: Extension not in whitelist
DELETED: D:\recup\recup_dir.1\f238072320.h | Reason: Extension not in whitelist
DELETED: D:\recup\recup_dir.1\f238072832.h | Reason: Extension not in whitelist
DELETED: D:\recup\recup_dir.1\f238073344.h | Reason: Extension not in whitelist
DELETED: D:\recup\recup_dir.1\f238073856.h | Reason: Extension not in whitelist
DELETED: D:\recup\recup_dir.1\f238074368.h | Reason: Extension not in whitelist
DELETED: D:\recup\recup_dir.1\f238074880.h | Reason: Extension not in whitelist
DELETED: D:\recup\recup_dir.1\f238075392.h | Reason: Extension not in whitelist
DELETED: D:\recup\recup_dir.1\f238075904.h | Reason: Extension not in whitelist
DELETED: D:\recup\recup_dir.1\f238076416.h | Reason: Extension not in whitelist
DELETED: D:\recup\recup_dir.1\f238076928.h | Reason: Extension not in whitelist
DELETED: D:\recup\recup_dir.1\f238077440.java | Reason: Extension not in whitelist
DELETED: D:\recup\recup_dir.1\f238077952.java | Reason: Extension not in whitelist
DELETED: D:\recup\recup_dir.1\f238078464.java | Reason: Extension not in whitelist
DELETED: D:\recup\recup_dir.1\f238078976.h | Reason: Extension not in whitelist
DELETED: D:\recup\recup_dir.1\f238079488.h | Reason: Extension not in whitelist
DELETED: D:\recup\recup_dir.1\f238080000.py | Reason: Extension not in whitelist
DELETED: D:\recup\recup_dir.1\f238080512.h | Reason: Extension not in whitelist
DELETED: D:\recup\recup_dir.1\f238081024.java | Reason: Extension not in whitelist
DELETED: D:\recup\recup_dir.1\f238081536.java | Reason: Extension not in whitelist
DELETED: D:\recup\recup_dir.1\f238082048.h | Reason: Extension not in whitelist
DELETED: D:\recup\recup_dir.1\f238082560.h | Reason: Extension not in whitelist
DELETED: D:\recup\recup_dir.1\f238083072.h | Reason: Extension not in whitelist
DELETED: D:\recup\recup_dir.1\f238083584.h | Reason: Extension not in whitelist
DELETED: D:\recup\recup_dir.1\f238084096.h | Reason: Extension not in whitelist
DELETED: D:\recup\recup_dir.1\f238084608.java | Reason: Extension not in whitelist
DELETED: D:\recup\recup_dir.1\f238085120.py | Reason: Extension not in whitelist
DELETED: D:\recup\recup_dir.1\f238085632.java | Reason: Extension not in whitelist
DELETED: D:\recup\recup_dir.1\f238086144.java | Reason: Extension not in whitelist
DELETED: D:\recup\recup_dir.1\f238086656.java | Reason: Extension not in whitelist
DELETED: D:\recup\recup_dir.1\f238087168.h | Reason: Extension not in whitelist
DELETED: D:\recup\recup_dir.1\f238087680.py | Reason: Extension not in whitelist
DELETED: D:\recup\recup_dir.1\f238088192.h | Reason: Extension not in whitelist
DELETED: D:\recup\recup_dir.1\f238088704.h | Reason: Extension not in whitelist
DELETED: D:\recup\recup_dir.1\f238089216.h | Reason: Extension not in whitelist
DELETED: D:\recup\recup_dir.1\f238089728.java | Reason: Extension not in whitelist
DELETED: D:\recup\recup_dir.1\f238090240.java | Reason: Extension not in whitelist
DELETED: D:\recup\recup_dir.1\f238090752.java | Reason: Extension not in whitelist
DELETED: D:\recup\recup_dir.1\f238091776.h | Reason: Extension not in whitelist
DELETED: D:\recup\recup_dir.1\f238092288.java | Reason: Extension not in whitelist
DELETED: D:\recup\recup_dir.1\f238092800.java | Reason: Extension not in whitelist
DELETED: D:\recup\recup_dir.1\f238093312.h | Reason: Extension not in whitelist
DELETED: D:\recup\recup_dir.1\f238093824.java | Reason: Extension not in whitelist
DELETED: D:\recup\recup_dir.1\f238094336.java | Reason: Extension not in whitelist
DELETED: D:\recup\recup_dir.1\f238094848.h | Reason: Extension not in whitelist
DELETED: D:\recup\recup_dir.1\f238095360.java | Reason: Extension not in whitelist
DELETED: D:\recup\recup_dir.1\f238095872.java | Reason: Extension not in whitelist
DELETED: D:\recup\recup_dir.1\f238096384.py | Reason: Extension not in whitelist
DELETED: D:\recup\recup_dir.1\f238096896.java | Reason: Extension not in whitelist
DELETED: D:\recup\recup_dir.1\f238097408.java | Reason: Extension not in whitelist
DELETED: D:\recup\recup_dir.1\f238097920.java | Reason: Extension not in whitelist
DELETED: D:\recup\recup_dir.1\f238098432.java | Reason: Extension not in whitelist
DELETED: D:\recup\recup_dir.1\report.xml | Reason: Extension not in whitelist
DELETED: D:\recup\recup_dir.2\f238098944.py | Reason: Extension not in whitelist
DELETED: D:\recup\recup_dir.2\f238099456.java | Reason: Extension not in whitelist
DELETED: D:\recup\recup_dir.2\f238099968.java | Reason: Extension not in whitelist
DELETED: D:\recup\recup_dir.2\f238100480.java | Reason: Extension not in whitelist
DELETED: D:\recup\recup_dir.2\f238104064.txt | Reason: Extension not in whitelist
DELETED: D:\recup\recup_dir.2\f238105088.txt | Reason: Extension not in whitelist
DELETED: D:\recup\recup_dir.2\f238106112.h | Reason: Extension not in whitelist
DELETED: D:\recup\recup_dir.2\f238107136.txt | Reason: Extension not in whitelist
DELETED: D:\recup\recup_dir.2\f238107648.txt | Reason: Extension not in whitelist
DELETED: D:\recup\recup_dir.2\f238108160.h | Reason: Extension not in whitelist
DELETED: D:\recup\recup_dir.2\f238108672.h | Reason: Extension not in whitelist
DELETED: D:\recup\recup_dir.2\f238110720.txt | Reason: Extension not in whitelist
DELETED: D:\recup\recup_dir.2\f238111232.txt | Reason: Extension not in whitelist
DELETED: D:\recup\recup_dir.2\f238111744.h | Reason: Extension not in whitelist
DELETED: D:\recup\recup_dir.2\f238112768.txt | Reason: Extension not in whitelist
DELETED: D:\recup\recup_dir.2\f238113280.h | Reason: Extension not in whitelist
DELETED: D:\recup\recup_dir.2\f238114304.txt | Reason: Extension not in whitelist
DELETED: D:\recup\recup_dir.2\f238115840.txt | Reason: Extension not in whitelist
DELETED: D:\recup\recup_dir.2\f238116864.txt | Reason: Extension not in whitelist
DELETED: D:\recup\recup_dir.2\f238117888.txt | Reason: Extension not in whitelist
DELETED: D:\recup\recup_dir.2\f238118400.txt | Reason: Extension not in whitelist
DELETED: D:\recup\recup_dir.2\f238119424.txt | Reason: Extension not in whitelist
DELETED: D:\recup\recup_dir.2\f238119936.h | Reason: Extension not in whitelist
DELETED: D:\recup\recup_dir.2\f238120960.h | Reason: Extension not in whitelist
DELETED: D:\recup\recup_dir.2\f238121472.txt | Reason: Extension not in whitelist
DELETED: D:\recup\recup_dir.2\f238122496.txt | Reason: Extension not in whitelist
DELETED: D:\recup\recup_dir.2\f238123520.txt | Reason: Extension not in whitelist
DELETED: D:\recup\recup_dir.2\f238124544.h | Reason: Extension not in whitelist
DELETED: D:\recup\recup_dir.2\f238125568.txt | Reason: Extension not in whitelist
DELETED: D:\recup\recup_dir.2\f238126080.txt | Reason: Extension not in whitelist
DELETED: D:\recup\recup_dir.2\f238126592.h | Reason: Extension not in whitelist
DELETED: D:\recup\recup_dir.2\f238127104.h | Reason: Extension not in whitelist
DELETED: D:\recup\recup_dir.2\f238129152.txt | Reason: Extension not in whitelist
DELETED: D:\recup\recup_dir.2\f238129664.txt | Reason: Extension not in whitelist
DELETED: D:\recup\recup_dir.2\f238130176.h | Reason: Extension not in whitelist
DELETED: D:\recup\recup_dir.2\f238131200.txt | Reason: Extension not in whitelist
DELETED: D:\recup\recup_dir.2\f238131712.h | Reason: Extension not in whitelist
DELETED: D:\recup\recup_dir.2\f238132736.txt | Reason: Extension not in whitelist
DELETED: D:\recup\recup_dir.2\f238134272.txt | Reason: Extension not in whitelist
DELETED: D:\recup\recup_dir.2\f238135296.txt | Reason: Extension not in whitelist
DELETED: D:\recup\recup_dir.2\f238136320.txt | Reason: Extension not in whitelist
DELETED: D:\recup\recup_dir.2\f238137344.txt | Reason: Extension not in whitelist
DELETED: D:\recup\recup_dir.2\f238138368.h | Reason: Extension not in whitelist
DELETED: D:\recup\recup_dir.2\f238139392.h | Reason: Extension not in whitelist
DELETED: D:\recup\recup_dir.2\f238139904.txt | Reason: Extension not in whitelist
DELETED: D:\recup\recup_dir.2\f238141952.txt | Reason: Extension not in whitelist
DELETED: D:\recup\recup_dir.2\f238142976.txt | Reason: Extension not in whitelist
DELETED: D:\recup\recup_dir.2\f238143488.txt | Reason: Extension not in whitelist
DELETED: D:\recup\recup_dir.2\f238144000.txt | Reason: Extension not in whitelist
DELETED: D:\recup\recup_dir.2\f238145024.txt | Reason: Extension not in whitelist
DELETED: D:\recup\recup_dir.2\f238145536.txt | Reason: Extension not in whitelist
DELETED: D:\recup\recup_dir.2\f238146560.java | Reason: Extension not in whitelist
DELETED: D:\recup\recup_dir.2\f238147072.txt | Reason: Extension not in whitelist
DELETED: D:\recup\recup_dir.2\f238148096.txt | Reason: Extension not in whitelist
DELETED: D:\recup\recup_dir.2\f238148608.txt | Reason: Extension not in whitelist
DELETED: D:\recup\recup_dir.2\f238149632.java | Reason: Extension not in whitelist
DELETED: D:\recup\recup_dir.2\f238150656.h | Reason: Extension not in whitelist
DELETED: D:\recup\recup_dir.2\f238151680.txt | Reason: Extension not in whitelist
DELETED: D:\recup\recup_dir.2\f238152192.txt | Reason: Extension not in whitelist
DELETED: D:\recup\recup_dir.2\f238153216.txt | Reason: Extension not in whitelist
DELETED: D:\recup\recup_dir.2\f238153728.txt | Reason: Extension not in whitelist
DELETED: D:\recup\recup_dir.2\f238154752.txt | Reason: Extension not in whitelist
DELETED: D:\recup\recup_dir.2\f238155264.txt | Reason: Extension not in whitelist
DELETED: D:\recup\recup_dir.2\f238155776.h | Reason: Extension not in whitelist
DELETED: D:\recup\recup_dir.2\f238156288.html | Reason: Extension not in whitelist
DELETED: D:\recup\recup_dir.2\f238156800.txt | Reason: Extension not in whitelist
DELETED: D:\recup\recup_dir.2\f238157312.h | Reason: Extension not in whitelist
DELETED: D:\recup\recup_dir.2\f238157824_uBlock_About.html | Reason: Extension not in whitelist
DELETED: D:\recup\recup_dir.2\f238158336.html | Reason: Extension not in whitelist
DELETED: D:\recup\recup_dir.2\f238158848_uBlock_Settings.html | Reason: Extension not in whitelist
DELETED: D:\recup\recup_dir.2\f238159360_uBlock_Origin_Support.html | Reason: Extension not in whitelist
DELETED: D:\recup\recup_dir.2\f238160384.h | Reason: Extension not in whitelist
DELETED: D:\recup\recup_dir.2\f238160896.h | Reason: Extension not in whitelist
DELETED: D:\recup\recup_dir.2\f238161408.h | Reason: Extension not in whitelist
DELETED: D:\recup\recup_dir.2\f238161920.h | Reason: Extension not in whitelist
DELETED: D:\recup\recup_dir.2\f238162944.txt | Reason: Extension not in whitelist
DELETED: D:\recup\recup_dir.2\f238163456.h | Reason: Extension not in whitelist
DELETED: D:\recup\recup_dir.2\f238163968.html | Reason: Extension not in whitelist
DELETED: D:\recup\recup_dir.2\f238164480.h | Reason: Extension not in whitelist
DELETED: D:\recup\recup_dir.2\f238164992.h | Reason: Extension not in whitelist
DELETED: D:\recup\recup_dir.2\f238165504.h | Reason: Extension not in whitelist
DELETED: D:\recup\recup_dir.2\f238166528.f | Reason: Extension not in whitelist
DELETED: D:\recup\recup_dir.2\f238167552.h | Reason: Extension not in whitelist
DELETED: D:\recup\recup_dir.2\f238168064.h | Reason: Extension not in whitelist
DELETED: D:\recup\recup_dir.2\f238170624.h | Reason: Extension not in whitelist
DELETED: D:\recup\recup_dir.2\f238171136_uBlock_Origin_Click_to_Load.html | Reason: Extension not in whitelist
DELETED: D:\recup\recup_dir.2\f238172672.txt | Reason: Extension not in whitelist
DELETED: D:\recup\recup_dir.2\f238173184.h | Reason: Extension not in whitelist
DELETED: D:\recup\recup_dir.2\f238173696.h | Reason: Extension not in whitelist
DELETED: D:\recup\recup_dir.2\f238174208.h | Reason: Extension not in whitelist
DELETED: D:\recup\recup_dir.2\f238174720.h | Reason: Extension not in whitelist
DELETED: D:\recup\recup_dir.2\f238175232.h | Reason: Extension not in whitelist
DELETED: D:\recup\recup_dir.2\f238176256.h | Reason: Extension not in whitelist
DELETED: D:\recup\recup_dir.2\f238176768.h | Reason: Extension not in whitelist
DELETED: D:\recup\recup_dir.2\f238177280.h | Reason: Extension not in whitelist
DELETED: D:\recup\recup_dir.2\f238177792.h | Reason: Extension not in whitelist
DELETED: D:\recup\recup_dir.2\f238178304.h | Reason: Extension not in whitelist
DELETED: D:\recup\recup_dir.2\f238179328.h | Reason: Extension not in whitelist
DELETED: D:\recup\recup_dir.2\f238179840.h | Reason: Extension not in whitelist
DELETED: D:\recup\recup_dir.2\f238180352.java | Reason: Extension not in whitelist
DELETED: D:\recup\recup_dir.2\f238182912_uBlock_Origin_Element_Picker.html | Reason: Extension not in whitelist
DELETED: D:\recup\recup_dir.2\f238183936.java | Reason: Extension not in whitelist
DELETED: D:\recup\recup_dir.2\f238184448_uBlock_Origin_Inspector.html | Reason: Extension not in whitelist
DELETED: D:\recup\recup_dir.2\f238184960.h | Reason: Extension not in whitelist
DELETED: D:\recup\recup_dir.2\f238185984_uBlock_Whitelist.html | Reason: Extension not in whitelist
DELETED: D:\recup\recup_dir.2\f238268416.txt | Reason: Extension not in whitelist
DELETED: D:\recup\recup_dir.2\f238982144.txt | Reason: Extension not in whitelist
DELETED: D:\recup\recup_dir.2\f239029760.txt | Reason: Extension not in whitelist
DELETED: D:\recup\recup_dir.2\f239228928.txt | Reason: Extension not in whitelist
DELETED: D:\recup\recup_dir.2\f239417344.txt | Reason: Extension not in whitelist
DELETED: D:\recup\recup_dir.2\f239418368.txt | Reason: Extension not in whitelist
DELETED: D:\recup\recup_dir.2\f239418880.txt | Reason: Extension not in whitelist
DELETED: D:\recup\recup_dir.2\f241336320.txt | Reason: Extension not in whitelist
DELETED: D:\recup\recup_dir.2\f241412608.txt | Reason: Extension not in whitelist
DELETED: D:\recup\recup_dir.2\f241413120.txt | Reason: Extension not in whitelist
DELETED: D:\recup\recup_dir.2\f241414144.txt | Reason: Extension not in whitelist
DELETED: D:\recup\recup_dir.2\f241414656.txt | Reason: Extension not in whitelist
DELETED: D:\recup\recup_dir.2\f241415168.txt | Reason: Extension not in whitelist
DELETED: D:\recup\recup_dir.2\f241521152.txt | Reason: Extension not in whitelist
DELETED: D:\recup\recup_dir.2\f241590784.txt | Reason: Extension not in whitelist
DELETED: D:\recup\recup_dir.2\f243163136.txt | Reason: Extension not in whitelist
DELETED: D:\recup\recup_dir.2\f243164160.txt | Reason: Extension not in whitelist
DELETED: D:\recup\recup_dir.2\f243164672.txt | Reason: Extension not in whitelist
DELETED: D:\recup\recup_dir.2\f244864512.txt | Reason: Extension not in whitelist
DELETED: D:\recup\recup_dir.2\f244873216.txt | Reason: Extension not in whitelist
DELETED: D:\recup\recup_dir.2\f244956160.html | Reason: Extension not in whitelist
DELETED: D:\recup\recup_dir.2\f246030848.txt | Reason: Extension not in whitelist
DELETED: D:\recup\recup_dir.2\f246071808.txt | Reason: Extension not in whitelist
DELETED: D:\recup\recup_dir.2\f246764544_Droit_de_la_famille_151_093271.html | Reason: Extension not in whitelist
DELETED: D:\recup\recup_dir.2\f247081472.txt | Reason: Extension not in whitelist
DELETED: D:\recup\recup_dir.2\f247556096.txt | Reason: Extension not in whitelist
DELETED: D:\recup\recup_dir.2\f247624704.txt | Reason: Extension not in whitelist
DELETED: D:\recup\recup_dir.2\f247710720.txt | Reason: Extension not in whitelist
DELETED: D:\recup\recup_dir.2\f247763968.txt | Reason: Extension not in whitelist
DELETED: D:\recup\recup_dir.2\f247788544.txt | Reason: Extension not in whitelist
DELETED: D:\recup\recup_dir.2\f247900160.txt | Reason: Extension not in whitelist
DELETED: D:\recup\recup_dir.2\f247900672.txt | Reason: Extension not in whitelist
DELETED: D:\recup\recup_dir.2\f248008704.txt | Reason: Extension not in whitelist
DELETED: D:\recup\recup_dir.2\f248046080.txt | Reason: Extension not in whitelist
DELETED: D:\recup\recup_dir.2\f248458752.txt | Reason: Extension not in whitelist
DELETED: D:\recup\recup_dir.2\f250414080.txt | Reason: Extension not in whitelist
DELETED: D:\recup\recup_dir.2\f250635776.txt | Reason: Extension not in whitelist
DELETED: D:\recup\recup_dir.2\f250834944.txt | Reason: Extension not in whitelist
DELETED: D:\recup\recup_dir.2\f252066304.txt | Reason: Extension not in whitelist
DELETED: D:\recup\recup_dir.2\f252321280.txt | Reason: Extension not in whitelist
DELETED: D:\recup\recup_dir.2\f252375040.txt | Reason: Extension not in whitelist
DELETED: D:\recup\recup_dir.2\f252557824.h | Reason: Extension not in whitelist
DELETED: D:\recup\recup_dir.2\f252619264.txt | Reason: Extension not in whitelist
DELETED: D:\recup\recup_dir.2\f252729344.txt | Reason: Extension not in whitelist
DELETED: D:\recup\recup_dir.2\f252781056_Droit_de_la_famille_151_091121.html | Reason: Extension not in whitelist
DELETED: D:\recup\recup_dir.2\f252815360.h | Reason: Extension not in whitelist
DELETED: D:\recup\recup_dir.2\f252870144.html | Reason: Extension not in whitelist
DELETED: D:\recup\recup_dir.2\f252898304.txt | Reason: Extension not in whitelist
DELETED: D:\recup\recup_dir.2\f252914176.txt | Reason: Extension not in whitelist
DELETED: D:\recup\recup_dir.2\f252991488.txt | Reason: Extension not in whitelist
DELETED: D:\recup\recup_dir.2\f252995072.txt | Reason: Extension not in whitelist
DELETED: D:\recup\recup_dir.2\f253125120.txt | Reason: Extension not in whitelist
DELETED: D:\recup\recup_dir.2\f253267456.txt | Reason: Extension not in whitelist
DELETED: D:\recup\recup_dir.2\f253312512.txt | Reason: Extension not in whitelist
DELETED: D:\recup\recup_dir.2\f253394432.txt | Reason: Extension not in whitelist
DELETED: D:\recup\recup_dir.2\f253414400.txt | Reason: Extension not in whitelist
DELETED: D:\recup\recup_dir.2\f253420544.txt | Reason: Extension not in whitelist
DELETED: D:\recup\recup_dir.2\f253482496.txt | Reason: Extension not in whitelist
DELETED: D:\recup\recup_dir.2\f253514752.txt | Reason: Extension not in whitelist
DELETED: D:\recup\recup_dir.2\f253740544.html | Reason: Extension not in whitelist
DELETED: D:\recup\recup_dir.2\f253897216.txt | Reason: Extension not in whitelist
DELETED: D:\recup\recup_dir.2\f253969920.txt | Reason: Extension not in whitelist
DELETED: D:\recup\recup_dir.2\f255481856.txt | Reason: Extension not in whitelist
DELETED: D:\recup\recup_dir.2\f255635456.txt | Reason: Extension not in whitelist
DELETED: D:\recup\recup_dir.2\f255659520.txt | Reason: Extension not in whitelist
DELETED: D:\recup\recup_dir.2\f255673856.txt | Reason: Extension not in whitelist
DELETED: D:\recup\recup_dir.2\f255738880.txt | Reason: Extension not in whitelist
DELETED: D:\recup\recup_dir.2\f255860224.h | Reason: Extension not in whitelist
DELETED: D:\recup\recup_dir.2\f256129536.txt | Reason: Extension not in whitelist
DELETED: D:\recup\recup_dir.2\f257228288.txt | Reason: Extension not in whitelist
DELETED: D:\recup\recup_dir.2\f257247744.txt | Reason: Extension not in whitelist
DELETED: D:\recup\recup_dir.2\f257283584.txt | Reason: Extension not in whitelist
DELETED: D:\recup\recup_dir.2\f257903104.txt | Reason: Extension not in whitelist
DELETED: D:\recup\recup_dir.2\f257998336.html | Reason: Extension not in whitelist
DELETED: D:\recup\recup_dir.2\f259396096.txt | Reason: Extension not in whitelist
DELETED: D:\recup\recup_dir.2\f262691328.txt | Reason: Extension not in whitelist
DELETED: D:\recup\recup_dir.2\f263303680.txt | Reason: Extension not in whitelist
DELETED: D:\recup\recup_dir.2\f267587072.txt | Reason: Extension not in whitelist
DELETED: D:\recup\recup_dir.2\f267610624.txt | Reason: Extension not in whitelist
DELETED: D:\recup\recup_dir.2\f268142080.txt | Reason: Extension not in whitelist
DELETED: D:\recup\recup_dir.2\f268212736.txt | Reason: Extension not in whitelist
DELETED: D:\recup\recup_dir.2\f268213760.txt | Reason: Extension not in whitelist
DELETED: D:\recup\recup_dir.2\f268263936.txt | Reason: Extension not in whitelist
DELETED: D:\recup\recup_dir.2\f269060096.txt | Reason: Extension not in whitelist
DELETED: D:\recup\recup_dir.2\f270227456.txt | Reason: Extension not in whitelist
DELETED: D:\recup\recup_dir.2\f280497664.txt | Reason: Extension not in whitelist
DELETED: D:\recup\recup_dir.2\f280976896.txt | Reason: Extension not in whitelist
DELETED: D:\recup\recup_dir.2\f281098240.html | Reason: Extension not in whitelist
DELETED: D:\recup\recup_dir.2\f281542144.txt | Reason: Extension not in whitelist
DELETED: D:\recup\recup_dir.2\f283560448.txt | Reason: Extension not in whitelist
DELETED: D:\recup\recup_dir.2\f283635712.txt | Reason: Extension not in whitelist
DELETED: D:\recup\recup_dir.2\f283658752.txt | Reason: Extension not in whitelist
DELETED: D:\recup\recup_dir.2\f283668480.txt | Reason: Extension not in whitelist
DELETED: D:\recup\recup_dir.2\f283801600.txt | Reason: Extension not in whitelist
DELETED: D:\recup\recup_dir.2\f283814400.txt | Reason: Extension not in whitelist
DELETED: D:\recup\recup_dir.2\f283829248.txt | Reason: Extension not in whitelist
DELETED: D:\recup\recup_dir.2\f283888640.txt | Reason: Extension not in whitelist
DELETED: D:\recup\recup_dir.2\f283899904.txt | Reason: Extension not in whitelist
DELETED: D:\recup\recup_dir.2\f284204544.txt | Reason: Extension not in whitelist
DELETED: D:\recup\recup_dir.2\f284228608.txt | Reason: Extension not in whitelist
DELETED: D:\recup\recup_dir.2\f284634624.txt | Reason: Extension not in whitelist
DELETED: D:\recup\recup_dir.2\f284686336.txt | Reason: Extension not in whitelist
DELETED: D:\recup\recup_dir.2\f284688384.txt | Reason: Extension not in whitelist
DELETED: D:\recup\recup_dir.2\f284754944.txt | Reason: Extension not in whitelist
DELETED: D:\recup\recup_dir.2\f284951552.txt | Reason: Extension not in whitelist
DELETED: D:\recup\recup_dir.2\f285929472.txt | Reason: Extension not in whitelist
DELETED: D:\recup\recup_dir.2\f287075840.txt | Reason: Extension not in whitelist
DELETED: D:\recup\recup_dir.2\f287371264.txt | Reason: Extension not in whitelist
DELETED: D:\recup\recup_dir.2\f287642112.txt | Reason: Extension not in whitelist
DELETED: D:\recup\recup_dir.2\f287691264.txt | Reason: Extension not in whitelist
DELETED: D:\recup\recup_dir.2\f287879680.txt | Reason: Extension not in whitelist
DELETED: D:\recup\recup_dir.2\f288538112.txt | Reason: Extension not in whitelist
DELETED: D:\recup\recup_dir.2\f288565760.txt | Reason: Extension not in whitelist
DELETED: D:\recup\recup_dir.2\f288625664.txt | Reason: Extension not in whitelist
DELETED: D:\recup\recup_dir.2\f288647168.h | Reason: Extension not in whitelist
DELETED: D:\recup\recup_dir.2\f290502144.txt | Reason: Extension not in whitelist
DELETED: D:\recup\recup_dir.2\f290988032.txt | Reason: Extension not in whitelist
DELETED: D:\recup\recup_dir.2\f290988544.txt | Reason: Extension not in whitelist
DELETED: D:\recup\recup_dir.2\f290989056.txt | Reason: Extension not in whitelist
DELETED: D:\recup\recup_dir.2\f290989568.txt | Reason: Extension not in whitelist
DELETED: D:\recup\recup_dir.2\f291010048.txt | Reason: Extension not in whitelist
DELETED: D:\recup\recup_dir.2\f291037184.txt | Reason: Extension not in whitelist
DELETED: D:\recup\recup_dir.2\f291037696.txt | Reason: Extension not in whitelist
DELETED: D:\recup\recup_dir.2\f291302912.h | Reason: Extension not in whitelist
DELETED: D:\recup\recup_dir.2\f292021760.txt | Reason: Extension not in whitelist
DELETED: D:\recup\recup_dir.2\f292022784.txt | Reason: Extension not in whitelist
DELETED: D:\recup\recup_dir.2\f292487680.txt | Reason: Extension not in whitelist
DELETED: D:\recup\recup_dir.2\f292525056.txt | Reason: Extension not in whitelist
DELETED: D:\recup\recup_dir.2\f292526080.txt | Reason: Extension not in whitelist
DELETED: D:\recup\recup_dir.2\f294398464.txt | Reason: Extension not in whitelist
DELETED: D:\recup\recup_dir.2\f294743552.txt | Reason: Extension not in whitelist
DELETED: D:\recup\recup_dir.2\f294905856.txt | Reason: Extension not in whitelist
DELETED: D:\recup\recup_dir.2\f296336896.txt | Reason: Extension not in whitelist
DELETED: D:\recup\recup_dir.2\f296711168.txt | Reason: Extension not in whitelist
DELETED: D:\recup\recup_dir.2\f297888768.txt | Reason: Extension not in whitelist
DELETED: D:\recup\recup_dir.2\f298391552.txt | Reason: Extension not in whitelist
DELETED: D:\recup\recup_dir.2\f299067392.txt | Reason: Extension not in whitelist
DELETED: D:\recup\recup_dir.2\f299182080.txt | Reason: Extension not in whitelist
DELETED: D:\recup\recup_dir.2\f300289536.txt | Reason: Extension not in whitelist
DELETED: D:\recup\recup_dir.2\f301538304.txt | Reason: Extension not in whitelist
DELETED: D:\recup\recup_dir.2\f301700608.txt | Reason: Extension not in whitelist
DELETED: D:\recup\recup_dir.2\f301701120.txt | Reason: Extension not in whitelist
DELETED: D:\recup\recup_dir.2\f301701632.txt | Reason: Extension not in whitelist
DELETED: D:\recup\recup_dir.2\f301702144.txt | Reason: Extension not in whitelist
DELETED: D:\recup\recup_dir.2\f302455808.txt | Reason: Extension not in whitelist
DELETED: D:\recup\recup_dir.2\f302535680.txt | Reason: Extension not in whitelist
DELETED: D:\recup\recup_dir.2\f302860800.txt | Reason: Extension not in whitelist
DELETED: D:\recup\recup_dir.2\f302863360.txt | Reason: Extension not in whitelist
DELETED: D:\recup\recup_dir.2\f302903296.h | Reason: Extension not in whitelist
DELETED: D:\recup\recup_dir.2\f302931968.txt | Reason: Extension not in whitelist
DELETED: D:\recup\recup_dir.2\f303025152.txt | Reason: Extension not in whitelist
DELETED: D:\recup\recup_dir.2\f303025664.txt | Reason: Extension not in whitelist
DELETED: D:\recup\recup_dir.2\f303152128.txt | Reason: Extension not in whitelist
DELETED: D:\recup\recup_dir.2\f303339520.txt | Reason: Extension not in whitelist
DELETED: D:\recup\recup_dir.2\f303380992.txt | Reason: Extension not in whitelist
DELETED: D:\recup\recup_dir.2\f303381504.txt | Reason: Extension not in whitelist
DELETED: D:\recup\recup_dir.2\f303451136.txt | Reason: Extension not in whitelist
DELETED: D:\recup\recup_dir.2\f303493120.txt | Reason: Extension not in whitelist
DELETED: D:\recup\recup_dir.2\f303512064.txt | Reason: Extension not in whitelist
DELETED: D:\recup\recup_dir.2\f303602176.txt | Reason: Extension not in whitelist
DELETED: D:\recup\recup_dir.2\f303681536.txt | Reason: Extension not in whitelist
DELETED: D:\recup\recup_dir.2\f303684608.txt | Reason: Extension not in whitelist
DELETED: D:\recup\recup_dir.2\f304947712.txt | Reason: Extension not in whitelist
DELETED: D:\recup\recup_dir.2\f305004544.txt | Reason: Extension not in whitelist
DELETED: D:\recup\recup_dir.2\f305094656.txt | Reason: Extension not in whitelist
DELETED: D:\recup\recup_dir.2\f305095680.txt | Reason: Extension not in whitelist
DELETED: D:\recup\recup_dir.2\f306064896.txt | Reason: Extension not in whitelist
DELETED: D:\recup\recup_dir.2\f306310656.txt | Reason: Extension not in whitelist
DELETED: D:\recup\recup_dir.2\f306359808.txt | Reason: Extension not in whitelist
DELETED: D:\recup\recup_dir.2\f306540032.txt | Reason: Extension not in whitelist
DELETED: D:\recup\recup_dir.2\f306629632.txt | Reason: Extension not in whitelist
DELETED: D:\recup\recup_dir.2\f306724864.txt | Reason: Extension not in whitelist
DELETED: D:\recup\recup_dir.2\f306856448.txt | Reason: Extension not in whitelist
DELETED: D:\recup\recup_dir.2\f306941440.txt | Reason: Extension not in whitelist
DELETED: D:\recup\recup_dir.2\f308128768.txt | Reason: Extension not in whitelist
DELETED: D:\recup\recup_dir.2\f309438464.txt | Reason: Extension not in whitelist
DELETED: D:\recup\recup_dir.2\f310079488.txt | Reason: Extension not in whitelist
DELETED: D:\recup\recup_dir.2\f310157312.txt | Reason: Extension not in whitelist
DELETED: D:\recup\recup_dir.2\f310360576.txt | Reason: Extension not in whitelist
DELETED: D:\recup\recup_dir.2\f311010304.txt | Reason: Extension not in whitelist
DELETED: D:\recup\recup_dir.2\f311096832.txt | Reason: Extension not in whitelist
DELETED: D:\recup\recup_dir.2\f311196160.html | Reason: Extension not in whitelist
DELETED: D:\recup\recup_dir.2\f311556608.txt | Reason: Extension not in whitelist
DELETED: D:\recup\recup_dir.2\f313321984.txt | Reason: Extension not in whitelist
DELETED: D:\recup\recup_dir.2\f315639296.txt | Reason: Extension not in whitelist
DELETED: D:\recup\recup_dir.2\f315737600.txt | Reason: Extension not in whitelist
DELETED: D:\recup\recup_dir.2\f316384256.txt | Reason: Extension not in whitelist
DELETED: D:\recup\recup_dir.2\f316386304.txt | Reason: Extension not in whitelist
DELETED: D:\recup\recup_dir.2\f317292544.txt | Reason: Extension not in whitelist
DELETED: D:\recup\recup_dir.2\f317585408.txt | Reason: Extension not in whitelist
DELETED: D:\recup\recup_dir.2\f317827584.txt | Reason: Extension not in whitelist
DELETED: D:\recup\recup_dir.2\f317993984.txt | Reason: Extension not in whitelist
DELETED: D:\recup\recup_dir.2\f318906368.txt | Reason: Extension not in whitelist
DELETED: D:\recup\recup_dir.2\f318907904.txt | Reason: Extension not in whitelist
DELETED: D:\recup\recup_dir.2\f318908416.txt | Reason: Extension not in whitelist
DELETED: D:\recup\recup_dir.2\f318909952.txt | Reason: Extension not in whitelist
DELETED: D:\recup\recup_dir.2\f319752192.txt | Reason: Extension not in whitelist
DELETED: D:\recup\recup_dir.2\f319768576.txt | Reason: Extension not in whitelist
DELETED: D:\recup\recup_dir.2\f319896576.txt | Reason: Extension not in whitelist
DELETED: D:\recup\recup_dir.2\f320285184.txt | Reason: Extension not in whitelist
DELETED: D:\recup\recup_dir.2\f320758784.txt | Reason: Extension not in whitelist
DELETED: D:\recup\recup_dir.2\f321267712.txt | Reason: Extension not in whitelist
DELETED: D:\recup\recup_dir.2\f321683456.txt | Reason: Extension not in whitelist
DELETED: D:\recup\recup_dir.2\f322329088.txt | Reason: Extension not in whitelist
DELETED: D:\recup\recup_dir.2\f322341376.txt | Reason: Extension not in whitelist
DELETED: D:\recup\recup_dir.2\f322512384.h | Reason: Extension not in whitelist
DELETED: D:\recup\recup_dir.2\f322535936.txt | Reason: Extension not in whitelist
DELETED: D:\recup\recup_dir.2\f322536960.txt | Reason: Extension not in whitelist
DELETED: D:\recup\recup_dir.2\f322537472.txt | Reason: Extension not in whitelist
DELETED: D:\recup\recup_dir.2\f322537984.txt | Reason: Extension not in whitelist
DELETED: D:\recup\recup_dir.2\f322817536.txt | Reason: Extension not in whitelist
DELETED: D:\recup\recup_dir.2\f322865152.txt | Reason: Extension not in whitelist
DELETED: D:\recup\recup_dir.2\f322913792.txt | Reason: Extension not in whitelist
DELETED: D:\recup\recup_dir.2\f322915328.txt | Reason: Extension not in whitelist
DELETED: D:\recup\recup_dir.2\f323250176.txt | Reason: Extension not in whitelist
DELETED: D:\recup\recup_dir.2\f323252224.txt | Reason: Extension not in whitelist
DELETED: D:\recup\recup_dir.2\f323297280.txt | Reason: Extension not in whitelist
DELETED: D:\recup\recup_dir.2\f323297792.txt | Reason: Extension not in whitelist
DELETED: D:\recup\recup_dir.2\f323350528.txt | Reason: Extension not in whitelist
DELETED: D:\recup\recup_dir.2\f323398656.txt | Reason: Extension not in whitelist
DELETED: D:\recup\recup_dir.2\f323400704.txt | Reason: Extension not in whitelist
DELETED: D:\recup\recup_dir.2\f323450880.txt | Reason: Extension not in whitelist
DELETED: D:\recup\recup_dir.2\f323451392.txt | Reason: Extension not in whitelist
DELETED: D:\recup\recup_dir.2\f323560960.txt | Reason: Extension not in whitelist
DELETED: D:\recup\recup_dir.2\f323608064.txt | Reason: Extension not in whitelist
DELETED: D:\recup\recup_dir.2\f323655680.txt | Reason: Extension not in whitelist
DELETED: D:\recup\recup_dir.2\f323656704.txt | Reason: Extension not in whitelist
DELETED: D:\recup\recup_dir.2\f323772928.txt | Reason: Extension not in whitelist
DELETED: D:\recup\recup_dir.2\f323774464.txt | Reason: Extension not in whitelist
DELETED: D:\recup\recup_dir.2\f323776512.txt | Reason: Extension not in whitelist
DELETED: D:\recup\recup_dir.2\f323833856.txt | Reason: Extension not in whitelist
DELETED: D:\recup\recup_dir.2\f323836416.txt | Reason: Extension not in whitelist
DELETED: D:\recup\recup_dir.2\f323884544.txt | Reason: Extension not in whitelist
DELETED: D:\recup\recup_dir.2\f323972608.txt | Reason: Extension not in whitelist
DELETED: D:\recup\recup_dir.2\f323974656.txt | Reason: Extension not in whitelist
DELETED: D:\recup\recup_dir.2\f324081664.txt | Reason: Extension not in whitelist
DELETED: D:\recup\recup_dir.2\f324160512.txt | Reason: Extension not in whitelist
DELETED: D:\recup\recup_dir.2\f324287488.txt | Reason: Extension not in whitelist
DELETED: D:\recup\recup_dir.2\f324289024.txt | Reason: Extension not in whitelist
DELETED: D:\recup\recup_dir.2\f324379648.txt | Reason: Extension not in whitelist
DELETED: D:\recup\recup_dir.2\f324404736.txt | Reason: Extension not in whitelist
DELETED: D:\recup\recup_dir.2\f324516864.txt | Reason: Extension not in whitelist
DELETED: D:\recup\recup_dir.2\f324517888.txt | Reason: Extension not in whitelist
DELETED: D:\recup\recup_dir.2\f324520448.txt | Reason: Extension not in whitelist
DELETED: D:\recup\recup_dir.2\f324548096.txt | Reason: Extension not in whitelist
DELETED: D:\recup\recup_dir.2\f324569088.txt | Reason: Extension not in whitelist
DELETED: D:\recup\recup_dir.2\f324987392.txt | Reason: Extension not in whitelist
DELETED: D:\recup\recup_dir.2\f324987904.txt | Reason: Extension not in whitelist
DELETED: D:\recup\recup_dir.2\f325035008.txt | Reason: Extension not in whitelist
DELETED: D:\recup\recup_dir.2\f325035520.txt | Reason: Extension not in whitelist
DELETED: D:\recup\recup_dir.2\f325137920.txt | Reason: Extension not in whitelist
DELETED: D:\recup\recup_dir.2\f325188096.txt | Reason: Extension not in whitelist
DELETED: D:\recup\recup_dir.2\f325188608.txt | Reason: Extension not in whitelist
DELETED: D:\recup\recup_dir.2\f325268480.txt | Reason: Extension not in whitelist
DELETED: D:\recup\recup_dir.2\f325268992.txt | Reason: Extension not in whitelist
DELETED: D:\recup\recup_dir.2\f325272064.txt | Reason: Extension not in whitelist
DELETED: D:\recup\recup_dir.2\f325299712.txt | Reason: Extension not in whitelist
DELETED: D:\recup\recup_dir.2\f325321216.txt | Reason: Extension not in whitelist
DELETED: D:\recup\recup_dir.2\f325321728.txt | Reason: Extension not in whitelist
DELETED: D:\recup\recup_dir.2\f325323264.txt | Reason: Extension not in whitelist
DELETED: D:\recup\recup_dir.3\f325373440.txt | Reason: Extension not in whitelist
DELETED: D:\recup\recup_dir.3\f325424128.txt | Reason: Extension not in whitelist
DELETED: D:\recup\recup_dir.3\f325425664.txt | Reason: Extension not in whitelist
DELETED: D:\recup\recup_dir.3\f325485568.txt | Reason: Extension not in whitelist
DELETED: D:\recup\recup_dir.3\f325489152.txt | Reason: Extension not in whitelist
DELETED: D:\recup\recup_dir.3\f325589504_D_cision.html | Reason: Extension not in whitelist
DELETED: D:\recup\recup_dir.3\f325623808.txt | Reason: Extension not in whitelist
DELETED: D:\recup\recup_dir.3\f325624832.txt | Reason: Extension not in whitelist
DELETED: D:\recup\recup_dir.3\f325625856.txt | Reason: Extension not in whitelist
DELETED: D:\recup\recup_dir.3\f325676544.txt | Reason: Extension not in whitelist
DELETED: D:\recup\recup_dir.3\f325677056.txt | Reason: Extension not in whitelist
DELETED: D:\recup\recup_dir.3\f325798400.txt | Reason: Extension not in whitelist
DELETED: D:\recup\recup_dir.3\f325798912.txt | Reason: Extension not in whitelist
DELETED: D:\recup\recup_dir.3\f325799424.txt | Reason: Extension not in whitelist
DELETED: D:\recup\recup_dir.3\f325800960.txt | Reason: Extension not in whitelist
DELETED: D:\recup\recup_dir.3\f325844480.txt | Reason: Extension not in whitelist
DELETED: D:\recup\recup_dir.3\f325844992.txt | Reason: Extension not in whitelist
DELETED: D:\recup\recup_dir.3\f325908992.txt | Reason: Extension not in whitelist
DELETED: D:\recup\recup_dir.3\f325989376.txt | Reason: Extension not in whitelist
DELETED: D:\recup\recup_dir.3\f326040064.txt | Reason: Extension not in whitelist
DELETED: D:\recup\recup_dir.3\f326041600.txt | Reason: Extension not in whitelist
DELETED: D:\recup\recup_dir.3\f326042112.txt | Reason: Extension not in whitelist
DELETED: D:\recup\recup_dir.3\f326125568.txt | Reason: Extension not in whitelist
DELETED: D:\recup\recup_dir.3\f326127104.txt | Reason: Extension not in whitelist
DELETED: D:\recup\recup_dir.3\f326129152.txt | Reason: Extension not in whitelist
DELETED: D:\recup\recup_dir.3\f326373888.txt | Reason: Extension not in whitelist
DELETED: D:\recup\recup_dir.3\f326474752.txt | Reason: Extension not in whitelist
DELETED: D:\recup\recup_dir.3\f326494720.txt | Reason: Extension not in whitelist
DELETED: D:\recup\recup_dir.3\f326597632.txt | Reason: Extension not in whitelist
DELETED: D:\recup\recup_dir.3\f326631424.txt | Reason: Extension not in whitelist
DELETED: D:\recup\recup_dir.3\f326998528.txt | Reason: Extension not in whitelist
DELETED: D:\recup\recup_dir.3\f326999552.txt | Reason: Extension not in whitelist
DELETED: D:\recup\recup_dir.3\f327029760.txt | Reason: Extension not in whitelist
DELETED: D:\recup\recup_dir.3\f327094784.txt | Reason: Extension not in whitelist
DELETED: D:\recup\recup_dir.3\f327377920.txt | Reason: Extension not in whitelist
DELETED: D:\recup\recup_dir.3\f327447552.html | Reason: Extension not in whitelist
DELETED: D:\recup\recup_dir.3\f327547904.txt | Reason: Extension not in whitelist
DELETED: D:\recup\recup_dir.3\f327639040.txt | Reason: Extension not in whitelist
DELETED: D:\recup\recup_dir.3\f328407552_D_cision.html | Reason: Extension not in whitelist
DELETED: D:\recup\recup_dir.3\f328484352.txt | Reason: Extension not in whitelist
DELETED: D:\recup\recup_dir.3\f328501248.txt | Reason: Extension not in whitelist
DELETED: D:\recup\recup_dir.3\f328547840.txt | Reason: Extension not in whitelist
DELETED: D:\recup\recup_dir.3\f328558080.txt | Reason: Extension not in whitelist
DELETED: D:\recup\recup_dir.3\f328562688.txt | Reason: Extension not in whitelist
DELETED: D:\recup\recup_dir.3\f328656896.txt | Reason: Extension not in whitelist
DELETED: D:\recup\recup_dir.3\f328735232.txt | Reason: Extension not in whitelist
DELETED: D:\recup\recup_dir.3\f328775680.txt | Reason: Extension not in whitelist
DELETED: D:\recup\recup_dir.3\f328843776.txt | Reason: Extension not in whitelist
DELETED: D:\recup\recup_dir.3\f328873984.txt | Reason: Extension not in whitelist
DELETED: D:\recup\recup_dir.3\f328886784.txt | Reason: Extension not in whitelist
DELETED: D:\recup\recup_dir.3\f328976384.txt | Reason: Extension not in whitelist
DELETED: D:\recup\recup_dir.3\f329016832.txt | Reason: Extension not in whitelist
DELETED: D:\recup\recup_dir.3\f329092096.txt | Reason: Extension not in whitelist
DELETED: D:\recup\recup_dir.3\f329093120.txt | Reason: Extension not in whitelist
DELETED: D:\recup\recup_dir.3\f329093632.txt | Reason: Extension not in whitelist
DELETED: D:\recup\recup_dir.3\f329226240.txt | Reason: Extension not in whitelist
DELETED: D:\recup\recup_dir.3\f329226752.txt | Reason: Extension not in whitelist
DELETED: D:\recup\recup_dir.3\f329228800.txt | Reason: Extension not in whitelist
DELETED: D:\recup\recup_dir.3\f329296384.txt | Reason: Extension not in whitelist
DELETED: D:\recup\recup_dir.3\f329351680.txt | Reason: Extension not in whitelist
DELETED: D:\recup\recup_dir.3\f329363456.txt | Reason: Extension not in whitelist
DELETED: D:\recup\recup_dir.3\f329364480.txt | Reason: Extension not in whitelist
DELETED: D:\recup\recup_dir.3\f329456640.txt | Reason: Extension not in whitelist
DELETED: D:\recup\recup_dir.3\f329458688.txt | Reason: Extension not in whitelist
DELETED: D:\recup\recup_dir.3\f329710080.txt | Reason: Extension not in whitelist
DELETED: D:\recup\recup_dir.3\f329734656.txt | Reason: Extension not in whitelist
DELETED: D:\recup\recup_dir.3\f329838592.txt | Reason: Extension not in whitelist
DELETED: D:\recup\recup_dir.3\f329839104.txt | Reason: Extension not in whitelist
DELETED: D:\recup\recup_dir.3\f329850880.txt | Reason: Extension not in whitelist
DELETED: D:\recup\recup_dir.3\f329851904.txt | Reason: Extension not in whitelist
DELETED: D:\recup\recup_dir.3\f329856512.txt | Reason: Extension not in whitelist
DELETED: D:\recup\recup_dir.3\f329878016.txt | Reason: Extension not in whitelist
DELETED: D:\recup\recup_dir.3\f329943552.txt | Reason: Extension not in whitelist
DELETED: D:\recup\recup_dir.3\f329948160.txt | Reason: Extension not in whitelist
DELETED: D:\recup\recup_dir.3\f329959424.txt | Reason: Extension not in whitelist
DELETED: D:\recup\recup_dir.3\f330035712.txt | Reason: Extension not in whitelist
DELETED: D:\recup\recup_dir.3\f330494976.txt | Reason: Extension not in whitelist
DELETED: D:\recup\recup_dir.3\f330644480.txt | Reason: Extension not in whitelist
DELETED: D:\recup\recup_dir.3\f330752000.txt | Reason: Extension not in whitelist
DELETED: D:\recup\recup_dir.3\f330752512.txt | Reason: Extension not in whitelist
DELETED: D:\recup\recup_dir.3\f330783744.amr | Reason: Extension not in whitelist
DELETED: D:\recup\recup_dir.3\f330833920.html | Reason: Extension not in whitelist
DELETED: D:\recup\recup_dir.3\f331434496.txt | Reason: Extension not in whitelist
DELETED: D:\recup\recup_dir.3\f331568128.html | Reason: Extension not in whitelist
DELETED: D:\recup\recup_dir.3\f331614720.txt | Reason: Extension not in whitelist
DELETED: D:\recup\recup_dir.3\f331716608.txt | Reason: Extension not in whitelist
DELETED: D:\recup\recup_dir.3\f331726336.txt | Reason: Extension not in whitelist
DELETED: D:\recup\recup_dir.3\f331869696.txt | Reason: Extension not in whitelist
DELETED: D:\recup\recup_dir.3\f331883008.txt | Reason: Extension not in whitelist
DELETED: D:\recup\recup_dir.3\f331998208.txt | Reason: Extension not in whitelist
DELETED: D:\recup\recup_dir.3\f332229632.txt | Reason: Extension not in whitelist
DELETED: D:\recup\recup_dir.3\f332919808.txt | Reason: Extension not in whitelist
DELETED: D:\recup\recup_dir.3\f332920320.txt | Reason: Extension not in whitelist
DELETED: D:\recup\recup_dir.3\f332958720.txt | Reason: Extension not in whitelist
DELETED: D:\recup\recup_dir.3\f332960768.txt | Reason: Extension not in whitelist
DELETED: D:\recup\recup_dir.3\f332961792.txt | Reason: Extension not in whitelist
DELETED: D:\recup\recup_dir.3\f334361088.txt | Reason: Extension not in whitelist
DELETED: D:\recup\recup_dir.3\f335661056.h | Reason: Extension not in whitelist
DELETED: D:\recup\recup_dir.3\f335816704.txt | Reason: Extension not in whitelist
DELETED: D:\recup\recup_dir.3\f335965184.amr | Reason: Extension not in whitelist
DELETED: D:\recup\recup_dir.3\f336100352.txt | Reason: Extension not in whitelist
DELETED: D:\recup\recup_dir.3\f336112128.txt | Reason: Extension not in whitelist
DELETED: D:\recup\recup_dir.3\f339289088.txt | Reason: Extension not in whitelist
DELETED: D:\recup\recup_dir.3\f339323392.txt | Reason: Extension not in whitelist
DELETED: D:\recup\recup_dir.3\f339369472.txt | Reason: Extension not in whitelist
DELETED: D:\recup\recup_dir.3\f339389440.txt | Reason: Extension not in whitelist
DELETED: D:\recup\recup_dir.3\f339431936.txt | Reason: Extension not in whitelist
DELETED: D:\recup\recup_dir.3\f339504640.txt | Reason: Extension not in whitelist
DELETED: D:\recup\recup_dir.3\f339527680.txt | Reason: Extension not in whitelist
DELETED: D:\recup\recup_dir.3\f339557376.txt | Reason: Extension not in whitelist
DELETED: D:\recup\recup_dir.3\f339746304.txt | Reason: Extension not in whitelist
DELETED: D:\recup\recup_dir.3\f339747840.txt | Reason: Extension not in whitelist
DELETED: D:\recup\recup_dir.3\f339750400.txt | Reason: Extension not in whitelist
DELETED: D:\recup\recup_dir.3\f339764736.txt | Reason: Extension not in whitelist
DELETED: D:\recup\recup_dir.3\f340101632.txt | Reason: Extension not in whitelist
DELETED: D:\recup\recup_dir.3\f340477440.txt | Reason: Extension not in whitelist
DELETED: D:\recup\recup_dir.3\f340535296.txt | Reason: Extension not in whitelist
DELETED: D:\recup\recup_dir.3\f340599296.txt | Reason: Extension not in whitelist
DELETED: D:\recup\recup_dir.3\f340600320.txt | Reason: Extension not in whitelist
DELETED: D:\recup\recup_dir.3\f340643328.txt | Reason: Extension not in whitelist
DELETED: D:\recup\recup_dir.3\f340659200.txt | Reason: Extension not in whitelist
DELETED: D:\recup\recup_dir.3\f340775936.txt | Reason: Extension not in whitelist
DELETED: D:\recup\recup_dir.3\f340813312.txt | Reason: Extension not in whitelist
DELETED: D:\recup\recup_dir.3\f340828160.txt | Reason: Extension not in whitelist
DELETED: D:\recup\recup_dir.3\f340840448.txt | Reason: Extension not in whitelist
DELETED: D:\recup\recup_dir.3\f340849152.txt | Reason: Extension not in whitelist
DELETED: D:\recup\recup_dir.3\f340888576.txt | Reason: Extension not in whitelist
DELETED: D:\recup\recup_dir.3\f340899328.txt | Reason: Extension not in whitelist
DELETED: D:\recup\recup_dir.3\f340899840.txt | Reason: Extension not in whitelist
DELETED: D:\recup\recup_dir.3\f341144064.txt | Reason: Extension not in whitelist
DELETED: D:\recup\recup_dir.3\f341196288.txt | Reason: Extension not in whitelist
DELETED: D:\recup\recup_dir.3\f341224448.txt | Reason: Extension not in whitelist
DELETED: D:\recup\recup_dir.3\f341249024.txt | Reason: Extension not in whitelist
DELETED: D:\recup\recup_dir.3\f341250560.txt | Reason: Extension not in whitelist
DELETED: D:\recup\recup_dir.3\f341358080.txt | Reason: Extension not in whitelist
DELETED: D:\recup\recup_dir.3\f341569536.txt | Reason: Extension not in whitelist
DELETED: D:\recup\recup_dir.3\f341708288.txt | Reason: Extension not in whitelist
DELETED: D:\recup\recup_dir.3\f341905408.txt | Reason: Extension not in whitelist
DELETED: D:\recup\recup_dir.3\f341953024.txt | Reason: Extension not in whitelist
DELETED: D:\recup\recup_dir.3\f341956608.txt | Reason: Extension not in whitelist
DELETED: D:\recup\recup_dir.3\f342349824.txt | Reason: Extension not in whitelist
DELETED: D:\recup\recup_dir.3\f342350336.txt | Reason: Extension not in whitelist
DELETED: D:\recup\recup_dir.3\f342403584.txt | Reason: Extension not in whitelist
DELETED: D:\recup\recup_dir.3\f344065536.txt | Reason: Extension not in whitelist
DELETED: D:\recup\recup_dir.3\f344694272.txt | Reason: Extension not in whitelist
DELETED: D:\recup\recup_dir.3\f344710656.txt | Reason: Extension not in whitelist
DELETED: D:\recup\recup_dir.3\f344808960.txt | Reason: Extension not in whitelist
DELETED: D:\recup\recup_dir.3\f345136640.txt | Reason: Extension not in whitelist
DELETED: D:\recup\recup_dir.3\f345529856.txt | Reason: Extension not in whitelist
DELETED: D:\recup\recup_dir.3\f345759232.txt | Reason: Extension not in whitelist
DELETED: D:\recup\recup_dir.3\f346009088.txt | Reason: Extension not in whitelist
DELETED: D:\recup\recup_dir.3\f346301440.html | Reason: Extension not in whitelist
DELETED: D:\recup\recup_dir.3\f346694656.txt | Reason: Extension not in whitelist
DELETED: D:\recup\recup_dir.3\f346923520.txt | Reason: Extension not in whitelist
DELETED: D:\recup\recup_dir.3\f346924032.txt | Reason: Extension not in whitelist
DELETED: D:\recup\recup_dir.3\f347177472.txt | Reason: Extension not in whitelist
DELETED: D:\recup\recup_dir.3\f347350016.amr | Reason: Extension not in whitelist
DELETED: D:\recup\recup_dir.3\f348524032.txt | Reason: Extension not in whitelist
DELETED: D:\recup\recup_dir.3\f348572672.txt | Reason: Extension not in whitelist
DELETED: D:\recup\recup_dir.3\f348573184.txt | Reason: Extension not in whitelist
DELETED: D:\recup\recup_dir.3\f348622336.h | Reason: Extension not in whitelist
DELETED: D:\recup\recup_dir.3\f349010432.txt | Reason: Extension not in whitelist
DELETED: D:\recup\recup_dir.3\f349632000.h | Reason: Extension not in whitelist
DELETED: D:\recup\recup_dir.3\f350234112.txt | Reason: Extension not in whitelist
DELETED: D:\recup\recup_dir.3\f350938624.txt | Reason: Extension not in whitelist
DELETED: D:\recup\recup_dir.3\f351019008.txt | Reason: Extension not in whitelist
DELETED: D:\recup\recup_dir.3\f351244288.txt | Reason: Extension not in whitelist
DELETED: D:\recup\recup_dir.3\f352203776.txt | Reason: Extension not in whitelist
DELETED: D:\recup\recup_dir.3\f352825344.txt | Reason: Extension not in whitelist
DELETED: D:\recup\recup_dir.3\f353732608.txt | Reason: Extension not in whitelist
DELETED: D:\recup\recup_dir.3\f353736704.txt | Reason: Extension not in whitelist
DELETED: D:\recup\recup_dir.3\f354274816.html | Reason: Extension not in whitelist
DELETED: D:\recup\recup_dir.3\f354467328.txt | Reason: Extension not in whitelist
DELETED: D:\recup\recup_dir.3\f354889216.txt | Reason: Extension not in whitelist
DELETED: D:\recup\recup_dir.3\f355413504.txt | Reason: Extension not in whitelist
DELETED: D:\recup\recup_dir.3\f355476480.txt | Reason: Extension not in whitelist
DELETED: D:\recup\recup_dir.3\f356039168.txt | Reason: Extension not in whitelist
DELETED: D:\recup\recup_dir.3\f356275712.txt | Reason: Extension not in whitelist
DELETED: D:\recup\recup_dir.3\f356311040.txt | Reason: Extension not in whitelist
DELETED: D:\recup\recup_dir.3\f357968896.txt | Reason: Extension not in whitelist
DELETED: D:\recup\recup_dir.3\f358002688.txt | Reason: Extension not in whitelist
DELETED: D:\recup\recup_dir.3\f358330880.txt | Reason: Extension not in whitelist
DELETED: D:\recup\recup_dir.3\f358332928.txt | Reason: Extension not in whitelist
DELETED: D:\recup\recup_dir.3\f358463488.txt | Reason: Extension not in whitelist
DELETED: D:\recup\recup_dir.3\f358779392.txt | Reason: Extension not in whitelist
DELETED: D:\recup\recup_dir.3\f358906368.txt | Reason: Extension not in whitelist
DELETED: D:\recup\recup_dir.3\f359279104.html | Reason: Extension not in whitelist
DELETED: D:\recup\recup_dir.3\f359323136.txt | Reason: Extension not in whitelist
DELETED: D:\recup\recup_dir.3\f359672832.txt | Reason: Extension not in whitelist
DELETED: D:\recup\recup_dir.3\f359795712.txt | Reason: Extension not in whitelist
DELETED: D:\recup\recup_dir.3\f359805952.txt | Reason: Extension not in whitelist
DELETED: D:\recup\recup_dir.3\f359875584.txt | Reason: Extension not in whitelist
DELETED: D:\recup\recup_dir.3\f359898624.txt | Reason: Extension not in whitelist
DELETED: D:\recup\recup_dir.3\f360232960.txt | Reason: Extension not in whitelist
DELETED: D:\recup\recup_dir.3\f360572416.txt | Reason: Extension not in whitelist
DELETED: D:\recup\recup_dir.3\f361574912.h | Reason: Extension not in whitelist
DELETED: D:\recup\recup_dir.3\f362027520.h | Reason: Extension not in whitelist
DELETED: D:\recup\recup_dir.3\f362268672.txt | Reason: Extension not in whitelist
DELETED: D:\recup\recup_dir.3\f363059200.txt | Reason: Extension not in whitelist
DELETED: D:\recup\recup_dir.3\f363137024.txt | Reason: Extension not in whitelist
DELETED: D:\recup\recup_dir.3\f363386880.txt | Reason: Extension not in whitelist
DELETED: D:\recup\recup_dir.3\f363745792.txt | Reason: Extension not in whitelist
DELETED: D:\recup\recup_dir.3\f364296704.txt | Reason: Extension not in whitelist
DELETED: D:\recup\recup_dir.3\f364298240.txt | Reason: Extension not in whitelist
DELETED: D:\recup\recup_dir.3\f364348928.txt | Reason: Extension not in whitelist
DELETED: D:\recup\recup_dir.3\f364349440.txt | Reason: Extension not in whitelist
DELETED: D:\recup\recup_dir.3\f364387328.txt | Reason: Extension not in whitelist
DELETED: D:\recup\recup_dir.3\f364387840.txt | Reason: Extension not in whitelist
DELETED: D:\recup\recup_dir.3\f364555776.txt | Reason: Extension not in whitelist
DELETED: D:\recup\recup_dir.3\f364556288.txt | Reason: Extension not in whitelist
DELETED: D:\recup\recup_dir.3\f365089792.txt | Reason: Extension not in whitelist
DELETED: D:\recup\recup_dir.3\f365090304.txt | Reason: Extension not in whitelist
DELETED: D:\recup\recup_dir.3\f366835712.txt | Reason: Extension not in whitelist
DELETED: D:\recup\recup_dir.3\f366914560.txt | Reason: Extension not in whitelist
DELETED: D:\recup\recup_dir.3\f368091648_Droit_de_la_famille_151_101127.html | Reason: Extension not in whitelist
DELETED: D:\recup\recup_dir.3\f369296384.txt | Reason: Extension not in whitelist
DELETED: D:\recup\recup_dir.3\f369297408.txt | Reason: Extension not in whitelist
DELETED: D:\recup\recup_dir.3\f369472512.txt | Reason: Extension not in whitelist
DELETED: D:\recup\recup_dir.3\f369647104.txt | Reason: Extension not in whitelist
DELETED: D:\recup\recup_dir.3\f369657856.html | Reason: Extension not in whitelist
DELETED: D:\recup\recup_dir.3\f369710080.txt | Reason: Extension not in whitelist
DELETED: D:\recup\recup_dir.3\f369710592.txt | Reason: Extension not in whitelist
DELETED: D:\recup\recup_dir.3\f369785856.txt | Reason: Extension not in whitelist
DELETED: D:\recup\recup_dir.3\f369871360.txt | Reason: Extension not in whitelist
DELETED: D:\recup\recup_dir.3\f370372096.txt | Reason: Extension not in whitelist
DELETED: D:\recup\recup_dir.3\f370446848.txt | Reason: Extension not in whitelist
DELETED: D:\recup\recup_dir.3\f370522112.txt | Reason: Extension not in whitelist
DELETED: D:\recup\recup_dir.3\f370807296.txt | Reason: Extension not in whitelist
DELETED: D:\recup\recup_dir.3\f370827776.txt | Reason: Extension not in whitelist
DELETED: D:\recup\recup_dir.3\f370828800.txt | Reason: Extension not in whitelist
DELETED: D:\recup\recup_dir.3\f370830336.txt | Reason: Extension not in whitelist
DELETED: D:\recup\recup_dir.3\f370831360.txt | Reason: Extension not in whitelist
DELETED: D:\recup\recup_dir.3\f370882048.txt | Reason: Extension not in whitelist
DELETED: D:\recup\recup_dir.3\f370946048.txt | Reason: Extension not in whitelist
DELETED: D:\recup\recup_dir.3\f370995712.txt | Reason: Extension not in whitelist
DELETED: D:\recup\recup_dir.3\f370997760.txt | Reason: Extension not in whitelist
DELETED: D:\recup\recup_dir.3\f371072000.txt | Reason: Extension not in whitelist
DELETED: D:\recup\recup_dir.3\f371097600.txt | Reason: Extension not in whitelist
DELETED: D:\recup\recup_dir.3\f371098624.txt | Reason: Extension not in whitelist
DELETED: D:\recup\recup_dir.3\f371099136.txt | Reason: Extension not in whitelist
DELETED: D:\recup\recup_dir.3\f371392000.txt | Reason: Extension not in whitelist
DELETED: D:\recup\recup_dir.3\f371566080.txt | Reason: Extension not in whitelist
DELETED: D:\recup\recup_dir.3\f371664384.txt | Reason: Extension not in whitelist
DELETED: D:\recup\recup_dir.3\f372068352.txt | Reason: Extension not in whitelist
DELETED: D:\recup\recup_dir.3\f373047296.txt | Reason: Extension not in whitelist
DELETED: D:\recup\recup_dir.3\f373049856.txt | Reason: Extension not in whitelist
DELETED: D:\recup\recup_dir.3\f373113856.txt | Reason: Extension not in whitelist
DELETED: D:\recup\recup_dir.3\f373132800.txt | Reason: Extension not in whitelist
DELETED: D:\recup\recup_dir.3\f373133312.txt | Reason: Extension not in whitelist
DELETED: D:\recup\recup_dir.3\f374203904.txt | Reason: Extension not in whitelist
DELETED: D:\recup\recup_dir.3\f374205440.txt | Reason: Extension not in whitelist
DELETED: D:\recup\recup_dir.3\f374245888.txt | Reason: Extension not in whitelist
DELETED: D:\recup\recup_dir.3\f374319104.txt | Reason: Extension not in whitelist
DELETED: D:\recup\recup_dir.3\f374359552.txt | Reason: Extension not in whitelist
DELETED: D:\recup\recup_dir.3\f374360576.txt | Reason: Extension not in whitelist
DELETED: D:\recup\recup_dir.3\f374361600.txt | Reason: Extension not in whitelist
DELETED: D:\recup\recup_dir.3\f376071168.txt | Reason: Extension not in whitelist
DELETED: D:\recup\recup_dir.3\f376197120.h | Reason: Extension not in whitelist
DELETED: D:\recup\recup_dir.3\f376356864.txt | Reason: Extension not in whitelist
DELETED: D:\recup\recup_dir.3\f376466432.txt | Reason: Extension not in whitelist
DELETED: D:\recup\recup_dir.3\f376592896.txt | Reason: Extension not in whitelist
DELETED: D:\recup\recup_dir.3\f376647680.h | Reason: Extension not in whitelist
DELETED: D:\recup\recup_dir.3\f376659456.txt | Reason: Extension not in whitelist
DELETED: D:\recup\recup_dir.3\f376678912.txt | Reason: Extension not in whitelist
DELETED: D:\recup\recup_dir.3\f377012224.txt | Reason: Extension not in whitelist
DELETED: D:\recup\recup_dir.3\f377434624.txt | Reason: Extension not in whitelist
DELETED: D:\recup\recup_dir.3\f377514496.txt | Reason: Extension not in whitelist
DELETED: D:\recup\recup_dir.3\f377518080.txt | Reason: Extension not in whitelist
DELETED: D:\recup\recup_dir.3\f377531904.txt | Reason: Extension not in whitelist
DELETED: D:\recup\recup_dir.3\f379993600.txt | Reason: Extension not in whitelist
DELETED: D:\recup\recup_dir.3\f381637632.txt | Reason: Extension not in whitelist
DELETED: D:\recup\recup_dir.3\f383264768.txt | Reason: Extension not in whitelist
DELETED: D:\recup\recup_dir.3\f385815040.txt | Reason: Extension not in whitelist
DELETED: D:\recup\recup_dir.3\f386412544.txt | Reason: Extension not in whitelist
DELETED: D:\recup\recup_dir.3\f389563904.txt | Reason: Extension not in whitelist
DELETED: D:\recup\recup_dir.3\f390656512.txt | Reason: Extension not in whitelist
DELETED: D:\recup\recup_dir.3\f390660608.txt | Reason: Extension not in whitelist
DELETED: D:\recup\recup_dir.3\f390664704.txt | Reason: Extension not in whitelist
DELETED: D:\recup\recup_dir.3\f390666752.txt | Reason: Extension not in whitelist
DELETED: D:\recup\recup_dir.3\f390667776.txt | Reason: Extension not in whitelist
DELETED: D:\recup\recup_dir.3\f390671360.txt | Reason: Extension not in whitelist
DELETED: D:\recup\recup_dir.3\f390671872.txt | Reason: Extension not in whitelist
DELETED: D:\recup\recup_dir.3\f390830592.txt | Reason: Extension not in whitelist
DELETED: D:\recup\recup_dir.3\f390976000.txt | Reason: Extension not in whitelist
DELETED: D:\recup\recup_dir.3\f390980096.txt | Reason: Extension not in whitelist
DELETED: D:\recup\recup_dir.3\f391046144.txt | Reason: Extension not in whitelist
DELETED: D:\recup\recup_dir.3\f391204864.txt | Reason: Extension not in whitelist
DELETED: D:\recup\recup_dir.3\f391303168.txt | Reason: Extension not in whitelist
DELETED: D:\recup\recup_dir.3\f391330304.txt | Reason: Extension not in whitelist
DELETED: D:\recup\recup_dir.3\f391360512.txt | Reason: Extension not in whitelist
DELETED: D:\recup\recup_dir.3\f391564288.txt | Reason: Extension not in whitelist
DELETED: D:\recup\recup_dir.3\f391569408.txt | Reason: Extension not in whitelist
DELETED: D:\recup\recup_dir.3\f392414720.txt | Reason: Extension not in whitelist
DELETED: D:\recup\recup_dir.3\f392553472.txt | Reason: Extension not in whitelist
DELETED: D:\recup\recup_dir.3\f392653824.txt | Reason: Extension not in whitelist
DELETED: D:\recup\recup_dir.3\f392711168.txt | Reason: Extension not in whitelist
DELETED: D:\recup\recup_dir.3\f392755712.txt | Reason: Extension not in whitelist
DELETED: D:\recup\recup_dir.3\f393236480.txt | Reason: Extension not in whitelist
DELETED: D:\recup\recup_dir.3\f393398272.txt | Reason: Extension not in whitelist
DELETED: D:\recup\recup_dir.3\f393427456.txt | Reason: Extension not in whitelist
DELETED: D:\recup\recup_dir.3\f393510912.txt | Reason: Extension not in whitelist
DELETED: D:\recup\recup_dir.3\f393781248.txt | Reason: Extension not in whitelist
DELETED: D:\recup\recup_dir.3\f393801728.txt | Reason: Extension not in whitelist
DELETED: D:\recup\recup_dir.3\f393852928.txt | Reason: Extension not in whitelist
DELETED: D:\recup\recup_dir.3\f393853952.txt | Reason: Extension not in whitelist
DELETED: D:\recup\recup_dir.3\f393943552.txt | Reason: Extension not in whitelist
DELETED: D:\recup\recup_dir.3\f393944064.txt | Reason: Extension not in whitelist
DELETED: D:\recup\recup_dir.3\f393988096.txt | Reason: Extension not in whitelist
DELETED: D:\recup\recup_dir.3\f394001920.txt | Reason: Extension not in whitelist
DELETED: D:\recup\recup_dir.3\f394045440.txt | Reason: Extension not in whitelist
DELETED: D:\recup\recup_dir.3\f394096128.txt | Reason: Extension not in whitelist
DELETED: D:\recup\recup_dir.3\f394291200.txt | Reason: Extension not in whitelist
DELETED: D:\recup\recup_dir.3\f394297344.txt | Reason: Extension not in whitelist
DELETED: D:\recup\recup_dir.3\f394309120.txt | Reason: Extension not in whitelist
DELETED: D:\recup\recup_dir.3\f394318848.txt | Reason: Extension not in whitelist
DELETED: D:\recup\recup_dir.3\f394332672.txt | Reason: Extension not in whitelist
DELETED: D:\recup\recup_dir.3\f394373632.txt | Reason: Extension not in whitelist
DELETED: D:\recup\recup_dir.3\f394428928.txt | Reason: Extension not in whitelist
DELETED: D:\recup\recup_dir.3\f394474496.txt | Reason: Extension not in whitelist
DELETED: D:\recup\recup_dir.3\f394476032.txt | Reason: Extension not in whitelist
DELETED: D:\recup\recup_dir.3\f394521088.txt | Reason: Extension not in whitelist
DELETED: D:\recup\recup_dir.3\f394582016.txt | Reason: Extension not in whitelist
DELETED: D:\recup\recup_dir.3\f394667520_D_cision.html | Reason: Extension not in whitelist
DELETED: D:\recup\recup_dir.3\f394668032.txt | Reason: Extension not in whitelist
DELETED: D:\recup\recup_dir.3\f394737152.txt | Reason: Extension not in whitelist
DELETED: D:\recup\recup_dir.3\f394780672.txt | Reason: Extension not in whitelist
DELETED: D:\recup\recup_dir.3\f395194880.txt | Reason: Extension not in whitelist
DELETED: D:\recup\recup_dir.3\f395446272.txt | Reason: Extension not in whitelist
DELETED: D:\recup\recup_dir.3\f395909632.txt | Reason: Extension not in whitelist
DELETED: D:\recup\recup_dir.3\f395917824.txt | Reason: Extension not in whitelist
DELETED: D:\recup\recup_dir.3\f395946496.txt | Reason: Extension not in whitelist
DELETED: D:\recup\recup_dir.3\f395955712.txt | Reason: Extension not in whitelist
DELETED: D:\recup\recup_dir.3\f396013568.txt | Reason: Extension not in whitelist
DELETED: D:\recup\recup_dir.3\f396036608.txt | Reason: Extension not in whitelist
DELETED: D:\recup\recup_dir.3\f396307968.txt | Reason: Extension not in whitelist
DELETED: D:\recup\recup_dir.3\f396456960.txt | Reason: Extension not in whitelist
DELETED: D:\recup\recup_dir.3\f396502016.txt | Reason: Extension not in whitelist
DELETED: D:\recup\recup_dir.3\f397073920.txt | Reason: Extension not in whitelist
DELETED: D:\recup\recup_dir.3\f397228032.txt | Reason: Extension not in whitelist
DELETED: D:\recup\recup_dir.3\f397485056.txt | Reason: Extension not in whitelist
DELETED: D:\recup\recup_dir.3\f397521408.txt | Reason: Extension not in whitelist
DELETED: D:\recup\recup_dir.3\f398004224.txt | Reason: Extension not in whitelist
DELETED: D:\recup\recup_dir.3\f398125568.txt | Reason: Extension not in whitelist
DELETED: D:\recup\recup_dir.3\f398351872.txt | Reason: Extension not in whitelist
DELETED: D:\recup\recup_dir.3\f398369792.txt | Reason: Extension not in whitelist
DELETED: D:\recup\recup_dir.3\f398403584.txt | Reason: Extension not in whitelist
DELETED: D:\recup\recup_dir.3\f404661760.html | Reason: Extension not in whitelist
DELETED: D:\recup\recup_dir.3\f404717568.txt | Reason: Extension not in whitelist
DELETED: D:\recup\recup_dir.3\f404720640.txt | Reason: Extension not in whitelist
DELETED: D:\recup\recup_dir.3\f405814272.txt | Reason: Extension not in whitelist
DELETED: D:\recup\recup_dir.3\f406398464.txt | Reason: Extension not in whitelist
DELETED: D:\recup\recup_dir.3\f407086080.txt | Reason: Extension not in whitelist
DELETED: D:\recup\recup_dir.3\f407104000.html | Reason: Extension not in whitelist
DELETED: D:\recup\recup_dir.3\f407201792.txt | Reason: Extension not in whitelist
DELETED: D:\recup\recup_dir.3\f407607296.txt | Reason: Extension not in whitelist
DELETED: D:\recup\recup_dir.3\f407819264.txt | Reason: Extension not in whitelist
DELETED: D:\recup\recup_dir.3\f408032256.txt | Reason: Extension not in whitelist
DELETED: D:\recup\recup_dir.3\f408072192.txt | Reason: Extension not in whitelist
DELETED: D:\recup\recup_dir.3\f408082944.txt | Reason: Extension not in whitelist
DELETED: D:\recup\recup_dir.3\f408083456.txt | Reason: Extension not in whitelist
DELETED: D:\recup\recup_dir.3\f408115200.txt | Reason: Extension not in whitelist
DELETED: D:\recup\recup_dir.3\f408212480.txt | Reason: Extension not in whitelist
DELETED: D:\recup\recup_dir.3\f410821120.txt | Reason: Extension not in whitelist
DELETED: D:\recup\recup_dir.3\f424778752.txt | Reason: Extension not in whitelist
DELETED: D:\recup\recup_dir.3\f424983552.txt | Reason: Extension not in whitelist
DELETED: D:\recup\recup_dir.3\f426320896.txt | Reason: Extension not in whitelist
DELETED: D:\recup\recup_dir.3\f426572288.txt | Reason: Extension not in whitelist
DELETED: D:\recup\recup_dir.3\f428753920.txt | Reason: Extension not in whitelist
DELETED: D:\recup\recup_dir.3\f431810560.txt | Reason: Extension not in whitelist
DELETED: D:\recup\recup_dir.3\f432547840.txt | Reason: Extension not in whitelist
DELETED: D:\recup\recup_dir.3\f434671616.txt | Reason: Extension not in whitelist
DELETED: D:\recup\recup_dir.3\f436475904.txt | Reason: Extension not in whitelist
DELETED: D:\recup\recup_dir.3\f436577792.txt | Reason: Extension not in whitelist
DELETED: D:\recup\recup_dir.3\f436663296.txt | Reason: Extension not in whitelist
DELETED: D:\recup\recup_dir.4\f1017315328.txt | Reason: Extension not in whitelist
DELETED: D:\recup\recup_dir.4\f1041670656.txt | Reason: Extension not in whitelist
DELETED: D:\recup\recup_dir.4\f1041833984.txt | Reason: Extension not in whitelist
DELETED: D:\recup\recup_dir.4\f1041898496.txt | Reason: Extension not in whitelist
DELETED: D:\recup\recup_dir.4\f1042394112.txt | Reason: Extension not in whitelist
DELETED: D:\recup\recup_dir.4\f1042426880.txt | Reason: Extension not in whitelist
DELETED: D:\recup\recup_dir.4\f1042563072.txt | Reason: Extension not in whitelist
DELETED: D:\recup\recup_dir.4\f1042769920.txt | Reason: Extension not in whitelist
DELETED: D:\recup\recup_dir.4\f1042796544.txt | Reason: Extension not in whitelist
DELETED: D:\recup\recup_dir.4\f1042825216.txt | Reason: Extension not in whitelist
DELETED: D:\recup\recup_dir.4\f1042895360.txt | Reason: Extension not in whitelist
DELETED: D:\recup\recup_dir.4\f1042903552.txt | Reason: Extension not in whitelist
DELETED: D:\recup\recup_dir.4\f1043196928.txt | Reason: Extension not in whitelist
DELETED: D:\recup\recup_dir.4\f1043251712.txt | Reason: Extension not in whitelist
DELETED: D:\recup\recup_dir.4\f1043291136.txt | Reason: Extension not in whitelist
DELETED: D:\recup\recup_dir.4\f1043330048.txt | Reason: Extension not in whitelist
DELETED: D:\recup\recup_dir.4\f1043442688.txt | Reason: Extension not in whitelist
DELETED: D:\recup\recup_dir.4\f1043640832.txt | Reason: Extension not in whitelist
DELETED: D:\recup\recup_dir.4\f1043711488.txt | Reason: Extension not in whitelist
DELETED: D:\recup\recup_dir.4\f1043842560.txt | Reason: Extension not in whitelist
DELETED: D:\recup\recup_dir.4\f1043887104.txt | Reason: Extension not in whitelist
DELETED: D:\recup\recup_dir.4\f1043932672.txt | Reason: Extension not in whitelist
DELETED: D:\recup\recup_dir.4\f1044021760.txt | Reason: Extension not in whitelist
DELETED: D:\recup\recup_dir.4\f1044045312.txt | Reason: Extension not in whitelist
DELETED: D:\recup\recup_dir.4\f1044072960.txt | Reason: Extension not in whitelist
DELETED: D:\recup\recup_dir.4\f1044146176.txt | Reason: Extension not in whitelist
DELETED: D:\recup\recup_dir.4\f1044150272.txt | Reason: Extension not in whitelist
DELETED: D:\recup\recup_dir.4\f1044152320.txt | Reason: Extension not in whitelist
DELETED: D:\recup\recup_dir.4\f1044580352.txt | Reason: Extension not in whitelist
DELETED: D:\recup\recup_dir.4\f1045038592.txt | Reason: Extension not in whitelist
DELETED: D:\recup\recup_dir.4\f1045471744.txt | Reason: Extension not in whitelist
DELETED: D:\recup\recup_dir.4\f1045540864.txt | Reason: Extension not in whitelist
DELETED: D:\recup\recup_dir.4\f436764160.txt | Reason: Extension not in whitelist
DELETED: D:\recup\recup_dir.4\f436933632.amr | Reason: Extension not in whitelist
DELETED: D:\recup\recup_dir.4\f437402112.txt | Reason: Extension not in whitelist
DELETED: D:\recup\recup_dir.4\f437772288.txt | Reason: Extension not in whitelist
DELETED: D:\recup\recup_dir.4\f438190080.txt | Reason: Extension not in whitelist
DELETED: D:\recup\recup_dir.4\f440229376.txt | Reason: Extension not in whitelist
DELETED: D:\recup\recup_dir.4\f440229888.txt | Reason: Extension not in whitelist
DELETED: D:\recup\recup_dir.4\f440337920.txt | Reason: Extension not in whitelist
DELETED: D:\recup\recup_dir.4\f440380416.txt | Reason: Extension not in whitelist
DELETED: D:\recup\recup_dir.4\f440555520.txt | Reason: Extension not in whitelist
DELETED: D:\recup\recup_dir.4\f442486784.txt | Reason: Extension not in whitelist
DELETED: D:\recup\recup_dir.4\f442535424.txt | Reason: Extension not in whitelist
DELETED: D:\recup\recup_dir.4\f442536448.txt | Reason: Extension not in whitelist
DELETED: D:\recup\recup_dir.4\f444381696.txt | Reason: Extension not in whitelist
DELETED: D:\recup\recup_dir.4\f444384768.txt | Reason: Extension not in whitelist
DELETED: D:\recup\recup_dir.4\f444504064.txt | Reason: Extension not in whitelist
DELETED: D:\recup\recup_dir.4\f449908736.txt | Reason: Extension not in whitelist
DELETED: D:\recup\recup_dir.4\f472264192.txt | Reason: Extension not in whitelist
DELETED: D:\recup\recup_dir.4\f472265216.txt | Reason: Extension not in whitelist
DELETED: D:\recup\recup_dir.4\f472401408.txt | Reason: Extension not in whitelist
DELETED: D:\recup\recup_dir.4\f472463360.txt | Reason: Extension not in whitelist
DELETED: D:\recup\recup_dir.4\f478231552.txt | Reason: Extension not in whitelist
DELETED: D:\recup\recup_dir.4\f495722496.txt | Reason: Extension not in whitelist
DELETED: D:\recup\recup_dir.4\f500111872.txt | Reason: Extension not in whitelist
DELETED: D:\recup\recup_dir.4\f503519744.txt | Reason: Extension not in whitelist
DELETED: D:\recup\recup_dir.4\f513389056.txt | Reason: Extension not in whitelist
DELETED: D:\recup\recup_dir.4\f552659456.txt | Reason: Extension not in whitelist
DELETED: D:\recup\recup_dir.4\f559041024.txt | Reason: Extension not in whitelist
DELETED: D:\recup\recup_dir.4\f562087424.txt | Reason: Extension not in whitelist
DELETED: D:\recup\recup_dir.4\f567910400.txt | Reason: Extension not in whitelist
DELETED: D:\recup\recup_dir.4\f568581632.txt | Reason: Extension not in whitelist
DELETED: D:\recup\recup_dir.4\f568860160.txt | Reason: Extension not in whitelist
DELETED: D:\recup\recup_dir.4\f570555392.txt | Reason: Extension not in whitelist
DELETED: D:\recup\recup_dir.4\f570712576.txt | Reason: Extension not in whitelist
DELETED: D:\recup\recup_dir.4\f573109248.txt | Reason: Extension not in whitelist
DELETED: D:\recup\recup_dir.4\f573159424.txt | Reason: Extension not in whitelist
DELETED: D:\recup\recup_dir.4\f576417792.txt | Reason: Extension not in whitelist
DELETED: D:\recup\recup_dir.4\f577042432.h | Reason: Extension not in whitelist
DELETED: D:\recup\recup_dir.4\f578013184.html | Reason: Extension not in whitelist
DELETED: D:\recup\recup_dir.4\f578487296.txt | Reason: Extension not in whitelist
DELETED: D:\recup\recup_dir.4\f578595328.txt | Reason: Extension not in whitelist
DELETED: D:\recup\recup_dir.4\f578613248.txt | Reason: Extension not in whitelist
DELETED: D:\recup\recup_dir.4\f579000832.txt | Reason: Extension not in whitelist
DELETED: D:\recup\recup_dir.4\f580438528.h | Reason: Extension not in whitelist
DELETED: D:\recup\recup_dir.4\f580504576.txt | Reason: Extension not in whitelist
DELETED: D:\recup\recup_dir.4\f581111296.txt | Reason: Extension not in whitelist
DELETED: D:\recup\recup_dir.4\f581116928.txt | Reason: Extension not in whitelist
DELETED: D:\recup\recup_dir.4\f581358080.txt | Reason: Extension not in whitelist
DELETED: D:\recup\recup_dir.4\f581372416_D_cision.html | Reason: Extension not in whitelist
DELETED: D:\recup\recup_dir.4\f581519872.txt | Reason: Extension not in whitelist
DELETED: D:\recup\recup_dir.4\f581600256.txt | Reason: Extension not in whitelist
DELETED: D:\recup\recup_dir.4\f582064640.txt | Reason: Extension not in whitelist
DELETED: D:\recup\recup_dir.4\f583076864.txt | Reason: Extension not in whitelist
DELETED: D:\recup\recup_dir.4\f583471104.txt | Reason: Extension not in whitelist
DELETED: D:\recup\recup_dir.4\f583641088.txt | Reason: Extension not in whitelist
DELETED: D:\recup\recup_dir.4\f583702528.txt | Reason: Extension not in whitelist
DELETED: D:\recup\recup_dir.4\f583754240.txt | Reason: Extension not in whitelist
DELETED: D:\recup\recup_dir.4\f583770112.txt | Reason: Extension not in whitelist
DELETED: D:\recup\recup_dir.4\f583770624.txt | Reason: Extension not in whitelist
DELETED: D:\recup\recup_dir.4\f583977984.txt | Reason: Extension not in whitelist
DELETED: D:\recup\recup_dir.4\f584026112.txt | Reason: Extension not in whitelist
DELETED: D:\recup\recup_dir.4\f584043520.txt | Reason: Extension not in whitelist
DELETED: D:\recup\recup_dir.4\f584137216.txt | Reason: Extension not in whitelist
DELETED: D:\recup\recup_dir.4\f584163840.h | Reason: Extension not in whitelist
DELETED: D:\recup\recup_dir.4\f584209408.txt | Reason: Extension not in whitelist
DELETED: D:\recup\recup_dir.4\f584209920.txt | Reason: Extension not in whitelist
DELETED: D:\recup\recup_dir.4\f584463872.txt | Reason: Extension not in whitelist
DELETED: D:\recup\recup_dir.4\f584570368.txt | Reason: Extension not in whitelist
DELETED: D:\recup\recup_dir.4\f584570880.txt | Reason: Extension not in whitelist
DELETED: D:\recup\recup_dir.4\f584641024.txt | Reason: Extension not in whitelist
DELETED: D:\recup\recup_dir.4\f584642048.txt | Reason: Extension not in whitelist
DELETED: D:\recup\recup_dir.4\f584678400.txt | Reason: Extension not in whitelist
DELETED: D:\recup\recup_dir.4\f584704000.txt | Reason: Extension not in whitelist
DELETED: D:\recup\recup_dir.4\f584802816.txt | Reason: Extension not in whitelist
DELETED: D:\recup\recup_dir.4\f585051648.txt | Reason: Extension not in whitelist
DELETED: D:\recup\recup_dir.4\f585230336.txt | Reason: Extension not in whitelist
DELETED: D:\recup\recup_dir.4\f585310208.txt | Reason: Extension not in whitelist
DELETED: D:\recup\recup_dir.4\f585905664.txt | Reason: Extension not in whitelist
DELETED: D:\recup\recup_dir.4\f586876416.txt | Reason: Extension not in whitelist
DELETED: D:\recup\recup_dir.4\f587280384.txt | Reason: Extension not in whitelist
DELETED: D:\recup\recup_dir.4\f587393024.txt | Reason: Extension not in whitelist
DELETED: D:\recup\recup_dir.4\f587532800.txt | Reason: Extension not in whitelist
DELETED: D:\recup\recup_dir.4\f588380672.txt | Reason: Extension not in whitelist
DELETED: D:\recup\recup_dir.4\f588604928.txt | Reason: Extension not in whitelist
DELETED: D:\recup\recup_dir.4\f589948928.txt | Reason: Extension not in whitelist
DELETED: D:\recup\recup_dir.4\f589949952.txt | Reason: Extension not in whitelist
DELETED: D:\recup\recup_dir.4\f589979648.txt | Reason: Extension not in whitelist
DELETED: D:\recup\recup_dir.4\f591394816.txt | Reason: Extension not in whitelist
DELETED: D:\recup\recup_dir.4\f593462784.txt | Reason: Extension not in whitelist
DELETED: D:\recup\recup_dir.4\f593898496.txt | Reason: Extension not in whitelist
DELETED: D:\recup\recup_dir.4\f608147968.txt | Reason: Extension not in whitelist
DELETED: D:\recup\recup_dir.4\f619043840.txt | Reason: Extension not in whitelist
DELETED: D:\recup\recup_dir.4\f624413184.txt | Reason: Extension not in whitelist
DELETED: D:\recup\recup_dir.4\f624449536.txt | Reason: Extension not in whitelist
DELETED: D:\recup\recup_dir.4\f624453120.txt | Reason: Extension not in whitelist
DELETED: D:\recup\recup_dir.4\f626113536.txt | Reason: Extension not in whitelist
DELETED: D:\recup\recup_dir.4\f637968896.wpd | Reason: Extension not in whitelist
DELETED: D:\recup\recup_dir.4\f681344000.txt | Reason: Extension not in whitelist
DELETED: D:\recup\recup_dir.4\f685538304.txt | Reason: Extension not in whitelist
DELETED: D:\recup\recup_dir.4\f686779904.txt | Reason: Extension not in whitelist
DELETED: D:\recup\recup_dir.4\f688707584.txt | Reason: Extension not in whitelist
DELETED: D:\recup\recup_dir.4\f688708096.txt | Reason: Extension not in whitelist
DELETED: D:\recup\recup_dir.4\f688708608.txt | Reason: Extension not in whitelist
DELETED: D:\recup\recup_dir.4\f688709120.txt | Reason: Extension not in whitelist
DELETED: D:\recup\recup_dir.4\f690008576.txt | Reason: Extension not in whitelist
DELETED: D:\recup\recup_dir.4\f693856256.txt | Reason: Extension not in whitelist
DELETED: D:\recup\recup_dir.4\f694635520.txt | Reason: Extension not in whitelist
DELETED: D:\recup\recup_dir.4\f694642176.txt | Reason: Extension not in whitelist
DELETED: D:\recup\recup_dir.4\f694780416.txt | Reason: Extension not in whitelist
DELETED: D:\recup\recup_dir.4\f696267264.txt | Reason: Extension not in whitelist
DELETED: D:\recup\recup_dir.4\f697490432.txt | Reason: Extension not in whitelist
DELETED: D:\recup\recup_dir.4\f699497984.txt | Reason: Extension not in whitelist
DELETED: D:\recup\recup_dir.4\f703187456.txt | Reason: Extension not in whitelist
DELETED: D:\recup\recup_dir.4\f712853504.txt | Reason: Extension not in whitelist
DELETED: D:\recup\recup_dir.4\f719626752.txt | Reason: Extension not in whitelist
DELETED: D:\recup\recup_dir.4\f724829696.txt | Reason: Extension not in whitelist
DELETED: D:\recup\recup_dir.4\f728295424.txt | Reason: Extension not in whitelist
DELETED: D:\recup\recup_dir.4\f735747072.txt | Reason: Extension not in whitelist
DELETED: D:\recup\recup_dir.4\f738556928.txt | Reason: Extension not in whitelist
DELETED: D:\recup\recup_dir.4\f738586624.txt | Reason: Extension not in whitelist
DELETED: D:\recup\recup_dir.4\f738693120.html | Reason: Extension not in whitelist
DELETED: D:\recup\recup_dir.4\f738756096.txt | Reason: Extension not in whitelist
DELETED: D:\recup\recup_dir.4\f739105280.txt | Reason: Extension not in whitelist
DELETED: D:\recup\recup_dir.4\f739105792.txt | Reason: Extension not in whitelist
DELETED: D:\recup\recup_dir.4\f739124224.txt | Reason: Extension not in whitelist
DELETED: D:\recup\recup_dir.4\f739141120.txt | Reason: Extension not in whitelist
DELETED: D:\recup\recup_dir.4\f739156480.txt | Reason: Extension not in whitelist
DELETED: D:\recup\recup_dir.4\f739253248.txt | Reason: Extension not in whitelist
DELETED: D:\recup\recup_dir.4\f739254272.txt | Reason: Extension not in whitelist
DELETED: D:\recup\recup_dir.4\f739254784.txt | Reason: Extension not in whitelist
DELETED: D:\recup\recup_dir.4\f739255808.txt | Reason: Extension not in whitelist
DELETED: D:\recup\recup_dir.4\f739258880.txt | Reason: Extension not in whitelist
DELETED: D:\recup\recup_dir.4\f739759104.txt | Reason: Extension not in whitelist
DELETED: D:\recup\recup_dir.4\f739760640.txt | Reason: Extension not in whitelist
DELETED: D:\recup\recup_dir.4\f739850752.txt | Reason: Extension not in whitelist
DELETED: D:\recup\recup_dir.4\f739851776.txt | Reason: Extension not in whitelist
DELETED: D:\recup\recup_dir.4\f739852288.txt | Reason: Extension not in whitelist
DELETED: D:\recup\recup_dir.4\f739853312.txt | Reason: Extension not in whitelist
DELETED: D:\recup\recup_dir.4\f739869696.txt | Reason: Extension not in whitelist
DELETED: D:\recup\recup_dir.4\f739871232.txt | Reason: Extension not in whitelist
DELETED: D:\recup\recup_dir.4\f739887104.txt | Reason: Extension not in whitelist
DELETED: D:\recup\recup_dir.4\f739902976.txt | Reason: Extension not in whitelist
DELETED: D:\recup\recup_dir.4\f739908096.txt | Reason: Extension not in whitelist
DELETED: D:\recup\recup_dir.4\f739917312.txt | Reason: Extension not in whitelist
DELETED: D:\recup\recup_dir.4\f739945984.txt | Reason: Extension not in whitelist
DELETED: D:\recup\recup_dir.4\f739959808.txt | Reason: Extension not in whitelist
DELETED: D:\recup\recup_dir.4\f739961344.txt | Reason: Extension not in whitelist
DELETED: D:\recup\recup_dir.4\f743566848.txt | Reason: Extension not in whitelist
DELETED: D:\recup\recup_dir.4\f744705024.txt | Reason: Extension not in whitelist
DELETED: D:\recup\recup_dir.4\f783617024.txt | Reason: Extension not in whitelist
DELETED: D:\recup\recup_dir.4\f783630336.txt | Reason: Extension not in whitelist
DELETED: D:\recup\recup_dir.4\f811890176.txt | Reason: Extension not in whitelist
DELETED: D:\recup\recup_dir.4\f811894272.txt | Reason: Extension not in whitelist
DELETED: D:\recup\recup_dir.4\f811895808.txt | Reason: Extension not in whitelist
DELETED: D:\recup\recup_dir.4\f811902464.txt | Reason: Extension not in whitelist
DELETED: D:\recup\recup_dir.4\f812143616_Droit_de_la_famille_151_10491.html | Reason: Extension not in whitelist
DELETED: D:\recup\recup_dir.4\f812182016.txt | Reason: Extension not in whitelist
DELETED: D:\recup\recup_dir.4\f812711424.txt | Reason: Extension not in whitelist
DELETED: D:\recup\recup_dir.4\f816283648.txt | Reason: Extension not in whitelist
DELETED: D:\recup\recup_dir.4\f859772416_D_cision.html | Reason: Extension not in whitelist
DELETED: D:\recup\recup_dir.4\f865988608.txt | Reason: Extension not in whitelist
DELETED: D:\recup\recup_dir.4\f866460672.txt | Reason: Extension not in whitelist
DELETED: D:\recup\recup_dir.4\f866585600.txt | Reason: Extension not in whitelist
DELETED: D:\recup\recup_dir.4\f890465792.txt | Reason: Extension not in whitelist
DELETED: D:\recup\recup_dir.4\f892152320.txt | Reason: Extension not in whitelist
DELETED: D:\recup\recup_dir.4\f892165632.txt | Reason: Extension not in whitelist
DELETED: D:\recup\recup_dir.4\f893270528.txt | Reason: Extension not in whitelist
DELETED: D:\recup\recup_dir.4\f895285248.txt | Reason: Extension not in whitelist
DELETED: D:\recup\recup_dir.4\f908262912.txt | Reason: Extension not in whitelist
DELETED: D:\recup\recup_dir.4\f908264960.txt | Reason: Extension not in whitelist
DELETED: D:\recup\recup_dir.4\f908286976.txt | Reason: Extension not in whitelist
DELETED: D:\recup\recup_dir.4\f910654976.txt | Reason: Extension not in whitelist
DELETED: D:\recup\recup_dir.4\f916358144.h | Reason: Extension not in whitelist
DELETED: D:\recup\recup_dir.4\f917086720.txt | Reason: Extension not in whitelist
DELETED: D:\recup\recup_dir.4\f917318656.txt | Reason: Extension not in whitelist
DELETED: D:\recup\recup_dir.4\f917502464.txt | Reason: Extension not in whitelist
DELETED: D:\recup\recup_dir.4\f918907904.txt | Reason: Extension not in whitelist
DELETED: D:\recup\recup_dir.4\f918908416.txt | Reason: Extension not in whitelist
DELETED: D:\recup\recup_dir.4\f921886208.txt | Reason: Extension not in whitelist
DELETED: D:\recup\recup_dir.4\f922293248.h | Reason: Extension not in whitelist
DELETED: D:\recup\recup_dir.4\f923689984.txt | Reason: Extension not in whitelist
DELETED: D:\recup\recup_dir.4\f930080256.txt | Reason: Extension not in whitelist
DELETED: D:\recup\recup_dir.4\f930103296.txt | Reason: Extension not in whitelist
DELETED: D:\recup\recup_dir.4\f930104320.txt | Reason: Extension not in whitelist
DELETED: D:\recup\recup_dir.4\f932102656.h | Reason: Extension not in whitelist
DELETED: D:\recup\recup_dir.4\f933170176.txt | Reason: Extension not in whitelist
DELETED: D:\recup\recup_dir.4\f940372992.txt | Reason: Extension not in whitelist
DELETED: D:\recup\recup_dir.4\f976399872.txt | Reason: Extension not in whitelist
DELETED: D:\recup\recup_dir.4\f977095168.txt | Reason: Extension not in whitelist
DELETED: D:\recup\recup_dir.5\f1047528448.txt | Reason: Extension not in whitelist
DELETED: D:\recup\recup_dir.5\f1047704064.txt | Reason: Extension not in whitelist
DELETED: D:\recup\recup_dir.5\f1047736832.txt | Reason: Extension not in whitelist
DELETED: D:\recup\recup_dir.5\f1047839744.txt | Reason: Extension not in whitelist
DELETED: D:\recup\recup_dir.5\f1048009216.txt | Reason: Extension not in whitelist
DELETED: D:\recup\recup_dir.5\f1048018944.txt | Reason: Extension not in whitelist
DELETED: D:\recup\recup_dir.5\f1048194048.txt | Reason: Extension not in whitelist
DELETED: D:\recup\recup_dir.5\f1048351232.txt | Reason: Extension not in whitelist
DELETED: D:\recup\recup_dir.5\f1048925696.txt | Reason: Extension not in whitelist
DELETED: D:\recup\recup_dir.5\f1049212416.txt | Reason: Extension not in whitelist
DELETED: D:\recup\recup_dir.5\f1049216512.txt | Reason: Extension not in whitelist
DELETED: D:\recup\recup_dir.5\f1049305600.txt | Reason: Extension not in whitelist
DELETED: D:\recup\recup_dir.5\f1049335808.txt | Reason: Extension not in whitelist
DELETED: D:\recup\recup_dir.5\f1049411584.txt | Reason: Extension not in whitelist
DELETED: D:\recup\recup_dir.5\f1049624576.txt | Reason: Extension not in whitelist
DELETED: D:\recup\recup_dir.5\f1049774080.txt | Reason: Extension not in whitelist
DELETED: D:\recup\recup_dir.5\f1051184640.txt | Reason: Extension not in whitelist
DELETED: D:\recup\recup_dir.5\f1051846144.txt | Reason: Extension not in whitelist
DELETED: D:\recup\recup_dir.5\f1052281856.txt | Reason: Extension not in whitelist
DELETED: D:\recup\recup_dir.5\f1052450304.txt | Reason: Extension not in whitelist
DELETED: D:\recup\recup_dir.5\f1052475904.txt | Reason: Extension not in whitelist
DELETED: D:\recup\recup_dir.5\f1052545024.txt | Reason: Extension not in whitelist
DELETED: D:\recup\recup_dir.5\f1052637184.txt | Reason: Extension not in whitelist
DELETED: D:\recup\recup_dir.5\f1052740608.html | Reason: Extension not in whitelist
DELETED: D:\recup\recup_dir.5\f1052956672.txt | Reason: Extension not in whitelist
DELETED: D:\recup\recup_dir.5\f1053100032.h | Reason: Extension not in whitelist
DELETED: D:\recup\recup_dir.5\f1053139456.txt | Reason: Extension not in whitelist
DELETED: D:\recup\recup_dir.5\f1053207040.txt | Reason: Extension not in whitelist
DELETED: D:\recup\recup_dir.5\f1053225984.h | Reason: Extension not in whitelist
DELETED: D:\recup\recup_dir.5\f1053368320.txt | Reason: Extension not in whitelist
DELETED: D:\recup\recup_dir.5\f1053594624.txt | Reason: Extension not in whitelist
DELETED: D:\recup\recup_dir.5\f1055208960.txt | Reason: Extension not in whitelist
DELETED: D:\recup\recup_dir.5\f1055907840.txt | Reason: Extension not in whitelist
DELETED: D:\recup\recup_dir.5\f1056333824.txt | Reason: Extension not in whitelist
DELETED: D:\recup\recup_dir.5\f1056470528.html | Reason: Extension not in whitelist
DELETED: D:\recup\recup_dir.5\f1056602112.txt | Reason: Extension not in whitelist
DELETED: D:\recup\recup_dir.5\f1056635904.txt | Reason: Extension not in whitelist
DELETED: D:\recup\recup_dir.5\f1058293760.html | Reason: Extension not in whitelist
DELETED: D:\recup\recup_dir.5\f1058508288.txt | Reason: Extension not in whitelist
DELETED: D:\recup\recup_dir.5\f1059010560.txt | Reason: Extension not in whitelist
DELETED: D:\recup\recup_dir.5\f1059043328.txt | Reason: Extension not in whitelist
DELETED: D:\recup\recup_dir.5\f1059124224.txt | Reason: Extension not in whitelist
DELETED: D:\recup\recup_dir.5\f1059148288.txt | Reason: Extension not in whitelist
DELETED: D:\recup\recup_dir.5\f1059234816.txt | Reason: Extension not in whitelist
DELETED: D:\recup\recup_dir.5\f1059309056.txt | Reason: Extension not in whitelist
DELETED: D:\recup\recup_dir.5\f1059625984.txt | Reason: Extension not in whitelist
DELETED: D:\recup\recup_dir.5\f1059642368.txt | Reason: Extension not in whitelist
DELETED: D:\recup\recup_dir.5\f1059763200.txt | Reason: Extension not in whitelist
DELETED: D:\recup\recup_dir.5\f1060078080.txt | Reason: Extension not in whitelist
DELETED: D:\recup\recup_dir.5\f1060111872.txt | Reason: Extension not in whitelist
DELETED: D:\recup\recup_dir.5\f1060230656.txt | Reason: Extension not in whitelist
DELETED: D:\recup\recup_dir.5\f1060344320.txt | Reason: Extension not in whitelist
DELETED: D:\recup\recup_dir.5\f1060596736.txt | Reason: Extension not in whitelist
DELETED: D:\recup\recup_dir.5\f1060705792.txt | Reason: Extension not in whitelist
DELETED: D:\recup\recup_dir.5\f1060774400.txt | Reason: Extension not in whitelist
DELETED: D:\recup\recup_dir.5\f1060886016.txt | Reason: Extension not in whitelist
DELETED: D:\recup\recup_dir.5\f1061087232.txt | Reason: Extension not in whitelist
DELETED: D:\recup\recup_dir.5\f1061128192.txt | Reason: Extension not in whitelist
DELETED: D:\recup\recup_dir.5\f1061142528.txt | Reason: Extension not in whitelist
DELETED: D:\recup\recup_dir.5\f1061177344.txt | Reason: Extension not in whitelist
DELETED: D:\recup\recup_dir.5\f1061372928.txt | Reason: Extension not in whitelist
DELETED: D:\recup\recup_dir.5\f1061403648.txt | Reason: Extension not in whitelist
DELETED: D:\recup\recup_dir.5\f1063298048.txt | Reason: Extension not in whitelist
DELETED: D:\recup\recup_dir.5\f1065272320.txt | Reason: Extension not in whitelist
DELETED: D:\recup\recup_dir.5\f1065427456.txt | Reason: Extension not in whitelist
DELETED: D:\recup\recup_dir.5\f1065430016.txt | Reason: Extension not in whitelist
DELETED: D:\recup\recup_dir.5\f1065434624.txt | Reason: Extension not in whitelist
DELETED: D:\recup\recup_dir.5\f1065728000.h | Reason: Extension not in whitelist
DELETED: D:\recup\recup_dir.5\f1065731072.txt | Reason: Extension not in whitelist
DELETED: D:\recup\recup_dir.5\f1065761280.txt | Reason: Extension not in whitelist
DELETED: D:\recup\recup_dir.5\f1065894912.txt | Reason: Extension not in whitelist
DELETED: D:\recup\recup_dir.5\f1065903616_Droit_de_la_famille_151_091932.html | Reason: Extension not in whitelist
DELETED: D:\recup\recup_dir.5\f1065934848.txt | Reason: Extension not in whitelist
DELETED: D:\recup\recup_dir.5\f1065936896.txt | Reason: Extension not in whitelist
DELETED: D:\recup\recup_dir.5\f1065938432.txt | Reason: Extension not in whitelist
DELETED: D:\recup\recup_dir.5\f1065942016.txt | Reason: Extension not in whitelist
DELETED: D:\recup\recup_dir.5\f1065954304.txt | Reason: Extension not in whitelist
DELETED: D:\recup\recup_dir.5\f1065957376.txt | Reason: Extension not in whitelist
DELETED: D:\recup\recup_dir.5\f1065959424.txt | Reason: Extension not in whitelist
DELETED: D:\recup\recup_dir.5\f1065961472.txt | Reason: Extension not in whitelist
DELETED: D:\recup\recup_dir.5\f1065966080.txt | Reason: Extension not in whitelist
DELETED: D:\recup\recup_dir.5\f1065973760.html | Reason: Extension not in whitelist
DELETED: D:\recup\recup_dir.5\f1065975808.txt | Reason: Extension not in whitelist
DELETED: D:\recup\recup_dir.5\f1066002432.txt | Reason: Extension not in whitelist
DELETED: D:\recup\recup_dir.5\f1066053632.html | Reason: Extension not in whitelist
DELETED: D:\recup\recup_dir.5\f1066072064.txt | Reason: Extension not in whitelist
DELETED: D:\recup\recup_dir.5\f1066074112.txt | Reason: Extension not in whitelist
DELETED: D:\recup\recup_dir.5\f1066076160.txt | Reason: Extension not in whitelist
DELETED: D:\recup\recup_dir.5\f1066082304.txt | Reason: Extension not in whitelist
DELETED: D:\recup\recup_dir.5\f1066084352.txt | Reason: Extension not in whitelist
DELETED: D:\recup\recup_dir.5\f1066087424.txt | Reason: Extension not in whitelist
DELETED: D:\recup\recup_dir.5\f1066091520.txt | Reason: Extension not in whitelist
DELETED: D:\recup\recup_dir.5\f1066098176_D_cision.html | Reason: Extension not in whitelist
DELETED: D:\recup\recup_dir.5\f1066101248.txt | Reason: Extension not in whitelist
DELETED: D:\recup\recup_dir.5\f1066109952.txt | Reason: Extension not in whitelist
DELETED: D:\recup\recup_dir.5\f1066283520.html | Reason: Extension not in whitelist
DELETED: D:\recup\recup_dir.5\f1066360320.txt | Reason: Extension not in whitelist
DELETED: D:\recup\recup_dir.5\f1066433536.txt | Reason: Extension not in whitelist
DELETED: D:\recup\recup_dir.5\f1066445312.txt | Reason: Extension not in whitelist
DELETED: D:\recup\recup_dir.5\f1066456576.txt | Reason: Extension not in whitelist
DELETED: D:\recup\recup_dir.5\f1066460672.html | Reason: Extension not in whitelist
DELETED: D:\recup\recup_dir.5\f1066462720.txt | Reason: Extension not in whitelist
DELETED: D:\recup\recup_dir.5\f1066465792.txt | Reason: Extension not in whitelist
DELETED: D:\recup\recup_dir.5\f1066466304.txt | Reason: Extension not in whitelist
DELETED: D:\recup\recup_dir.5\f1066468864.txt | Reason: Extension not in whitelist
DELETED: D:\recup\recup_dir.5\f1066473472.txt | Reason: Extension not in whitelist
DELETED: D:\recup\recup_dir.5\f1066485248.txt | Reason: Extension not in whitelist
DELETED: D:\recup\recup_dir.5\f1066507264.txt | Reason: Extension not in whitelist
DELETED: D:\recup\recup_dir.5\f1066624000.txt | Reason: Extension not in whitelist
DELETED: D:\recup\recup_dir.5\f1066943488.txt | Reason: Extension not in whitelist
DELETED: D:\recup\recup_dir.5\f1067758080.txt | Reason: Extension not in whitelist
DELETED: D:\recup\recup_dir.5\f1068291584.txt | Reason: Extension not in whitelist
DELETED: D:\recup\recup_dir.5\f1068682752.html | Reason: Extension not in whitelist
DELETED: D:\recup\recup_dir.5\f1068700160.txt | Reason: Extension not in whitelist
DELETED: D:\recup\recup_dir.5\f1069160960.html | Reason: Extension not in whitelist
DELETED: D:\recup\recup_dir.5\f1069443584.txt | Reason: Extension not in whitelist
DELETED: D:\recup\recup_dir.5\f1069473280_D_cision.html | Reason: Extension not in whitelist
DELETED: D:\recup\recup_dir.5\f1069485568.txt | Reason: Extension not in whitelist
DELETED: D:\recup\recup_dir.5\f1069521408.txt | Reason: Extension not in whitelist
DELETED: D:\recup\recup_dir.5\f1069638144.txt | Reason: Extension not in whitelist
DELETED: D:\recup\recup_dir.5\f1069838848.txt | Reason: Extension not in whitelist
DELETED: D:\recup\recup_dir.5\f1069861888.html | Reason: Extension not in whitelist
DELETED: D:\recup\recup_dir.5\f1069867008.txt | Reason: Extension not in whitelist
DELETED: D:\recup\recup_dir.5\f1069873152.html | Reason: Extension not in whitelist
DELETED: D:\recup\recup_dir.5\f1069878272.txt | Reason: Extension not in whitelist
DELETED: D:\recup\recup_dir.5\f1069892608.txt | Reason: Extension not in whitelist
DELETED: D:\recup\recup_dir.5\f1069958656.txt | Reason: Extension not in whitelist
DELETED: D:\recup\recup_dir.5\f1070120960.txt | Reason: Extension not in whitelist
DELETED: D:\recup\recup_dir.5\f1070180864.txt | Reason: Extension not in whitelist
DELETED: D:\recup\recup_dir.5\f1070881792.txt | Reason: Extension not in whitelist
DELETED: D:\recup\recup_dir.5\f1070898176.txt | Reason: Extension not in whitelist
DELETED: D:\recup\recup_dir.5\f1070935040.txt | Reason: Extension not in whitelist
DELETED: D:\recup\recup_dir.5\f1071254528.txt | Reason: Extension not in whitelist
DELETED: D:\recup\recup_dir.5\f1071279104.txt | Reason: Extension not in whitelist
DELETED: D:\recup\recup_dir.5\f1071307776.html | Reason: Extension not in whitelist
DELETED: D:\recup\recup_dir.5\f1071321088_D_cision.html | Reason: Extension not in whitelist
DELETED: D:\recup\recup_dir.5\f1071329280.txt | Reason: Extension not in whitelist
DELETED: D:\recup\recup_dir.5\f1071477248.txt | Reason: Extension not in whitelist
DELETED: D:\recup\recup_dir.5\f1071674368.txt | Reason: Extension not in whitelist
DELETED: D:\recup\recup_dir.5\f1071691776.txt | Reason: Extension not in whitelist
DELETED: D:\recup\recup_dir.5\f1071734784.txt | Reason: Extension not in whitelist
DELETED: D:\recup\recup_dir.5\f1071738880.txt | Reason: Extension not in whitelist
DELETED: D:\recup\recup_dir.5\f1071769600.h | Reason: Extension not in whitelist
DELETED: D:\recup\recup_dir.5\f1071778816.txt | Reason: Extension not in whitelist
DELETED: D:\recup\recup_dir.5\f1071786496.txt | Reason: Extension not in whitelist
DELETED: D:\recup\recup_dir.5\f1071885824.txt | Reason: Extension not in whitelist
DELETED: D:\recup\recup_dir.5\f1072041984.txt | Reason: Extension not in whitelist
DELETED: D:\recup\recup_dir.5\f1072103424.txt | Reason: Extension not in whitelist
DELETED: D:\recup\recup_dir.5\f1072105472.txt | Reason: Extension not in whitelist
DELETED: D:\recup\recup_dir.5\f1072247808.html | Reason: Extension not in whitelist
DELETED: D:\recup\recup_dir.5\f1072283136.txt | Reason: Extension not in whitelist
DELETED: D:\recup\recup_dir.5\f1072317952.txt | Reason: Extension not in whitelist
DELETED: D:\recup\recup_dir.5\f1072438272.txt | Reason: Extension not in whitelist
DELETED: D:\recup\recup_dir.5\f1072449536.txt | Reason: Extension not in whitelist
DELETED: D:\recup\recup_dir.5\f1072451584.txt | Reason: Extension not in whitelist
DELETED: D:\recup\recup_dir.5\f1072475648.txt | Reason: Extension not in whitelist
DELETED: D:\recup\recup_dir.5\f1072494592.txt | Reason: Extension not in whitelist
DELETED: D:\recup\recup_dir.5\f1072545792.txt | Reason: Extension not in whitelist
DELETED: D:\recup\recup_dir.5\f1072610304.txt | Reason: Extension not in whitelist
DELETED: D:\recup\recup_dir.5\f1072763392.txt | Reason: Extension not in whitelist
DELETED: D:\recup\recup_dir.5\f1072792064.txt | Reason: Extension not in whitelist
DELETED: D:\recup\recup_dir.5\f1072793088_Droit_de_la_famille_151_092652.html | Reason: Extension not in whitelist
DELETED: D:\recup\recup_dir.5\f1073097216.txt | Reason: Extension not in whitelist
DELETED: D:\recup\recup_dir.5\f1073273344.txt | Reason: Extension not in whitelist
DELETED: D:\recup\recup_dir.5\f1073431040.txt | Reason: Extension not in whitelist
DELETED: D:\recup\recup_dir.5\f1073569792.h | Reason: Extension not in whitelist
DELETED: D:\recup\recup_dir.5\f1073584640.html | Reason: Extension not in whitelist
DELETED: D:\recup\recup_dir.5\f1073635840.txt | Reason: Extension not in whitelist
DELETED: D:\recup\recup_dir.5\f1073702400.txt | Reason: Extension not in whitelist
DELETED: D:\recup\recup_dir.5\f1073708544.txt | Reason: Extension not in whitelist
DELETED: D:\recup\recup_dir.5\f1073748992.txt | Reason: Extension not in whitelist
DELETED: D:\recup\recup_dir.5\f1073928192.txt | Reason: Extension not in whitelist
DELETED: D:\recup\recup_dir.5\f1073961984.txt | Reason: Extension not in whitelist
DELETED: D:\recup\recup_dir.5\f1073976320.txt | Reason: Extension not in whitelist
DELETED: D:\recup\recup_dir.5\f1074072576.txt | Reason: Extension not in whitelist
DELETED: D:\recup\recup_dir.5\f1074114560.txt | Reason: Extension not in whitelist
DELETED: D:\recup\recup_dir.5\f1074158080.txt | Reason: Extension not in whitelist
DELETED: D:\recup\recup_dir.5\f1074162176.txt | Reason: Extension not in whitelist
DELETED: D:\recup\recup_dir.5\f1074367488.txt | Reason: Extension not in whitelist
DELETED: D:\recup\recup_dir.5\f1074382848.txt | Reason: Extension not in whitelist
DELETED: D:\recup\recup_dir.5\f1074653184.txt | Reason: Extension not in whitelist
DELETED: D:\recup\recup_dir.5\f1074726400.txt | Reason: Extension not in whitelist
DELETED: D:\recup\recup_dir.5\f1074753024.txt | Reason: Extension not in whitelist
DELETED: D:\recup\recup_dir.5\f1074895360.txt | Reason: Extension not in whitelist
DELETED: D:\recup\recup_dir.5\f1074956800.html | Reason: Extension not in whitelist
DELETED: D:\recup\recup_dir.5\f1075121152.h | Reason: Extension not in whitelist
DELETED: D:\recup\recup_dir.5\f1075190784.txt | Reason: Extension not in whitelist
DELETED: D:\recup\recup_dir.5\f1075216384.txt | Reason: Extension not in whitelist
DELETED: D:\recup\recup_dir.5\f1075248640.txt | Reason: Extension not in whitelist
DELETED: D:\recup\recup_dir.5\f1075264000.txt | Reason: Extension not in whitelist
DELETED: D:\recup\recup_dir.5\f1075334656.txt | Reason: Extension not in whitelist
DELETED: D:\recup\recup_dir.5\f1075335168.txt | Reason: Extension not in whitelist
DELETED: D:\recup\recup_dir.5\f1075377664.txt | Reason: Extension not in whitelist
DELETED: D:\recup\recup_dir.5\f1075420672.txt | Reason: Extension not in whitelist
DELETED: D:\recup\recup_dir.5\f1075424768.txt | Reason: Extension not in whitelist
DELETED: D:\recup\recup_dir.5\f1075430912.txt | Reason: Extension not in whitelist
DELETED: D:\recup\recup_dir.5\f1075433984.txt | Reason: Extension not in whitelist
DELETED: D:\recup\recup_dir.5\f1075555328.txt | Reason: Extension not in whitelist
DELETED: D:\recup\recup_dir.5\f1075743232.txt | Reason: Extension not in whitelist
DELETED: D:\recup\recup_dir.5\f1075815936.txt | Reason: Extension not in whitelist
DELETED: D:\recup\recup_dir.5\f1075922944.txt | Reason: Extension not in whitelist
DELETED: D:\recup\recup_dir.5\f1075934720.txt | Reason: Extension not in whitelist
DELETED: D:\recup\recup_dir.5\f1075936768.txt | Reason: Extension not in whitelist
DELETED: D:\recup\recup_dir.5\f1075952128.txt | Reason: Extension not in whitelist
DELETED: D:\recup\recup_dir.5\f1076143616.txt | Reason: Extension not in whitelist
DELETED: D:\recup\recup_dir.5\f1076168704.txt | Reason: Extension not in whitelist
DELETED: D:\recup\recup_dir.5\f1076171264.txt | Reason: Extension not in whitelist
DELETED: D:\recup\recup_dir.5\f1076176384.txt | Reason: Extension not in whitelist
DELETED: D:\recup\recup_dir.5\f1076189696.txt | Reason: Extension not in whitelist
DELETED: D:\recup\recup_dir.5\f1076194304.txt | Reason: Extension not in whitelist
DELETED: D:\recup\recup_dir.5\f1076311552.txt | Reason: Extension not in whitelist
DELETED: D:\recup\recup_dir.5\f1076386816.txt | Reason: Extension not in whitelist
DELETED: D:\recup\recup_dir.5\f1076403712.h | Reason: Extension not in whitelist
DELETED: D:\recup\recup_dir.5\f1076419584.txt | Reason: Extension not in whitelist
DELETED: D:\recup\recup_dir.5\f1076441088.txt | Reason: Extension not in whitelist
DELETED: D:\recup\recup_dir.5\f1076493824.txt | Reason: Extension not in whitelist
DELETED: D:\recup\recup_dir.5\f1076569600.txt | Reason: Extension not in whitelist
DELETED: D:\recup\recup_dir.5\f1076634112.txt | Reason: Extension not in whitelist
DELETED: D:\recup\recup_dir.5\f1076654080.txt | Reason: Extension not in whitelist
DELETED: D:\recup\recup_dir.5\f1076701184.txt | Reason: Extension not in whitelist
DELETED: D:\recup\recup_dir.5\f1076712448.txt | Reason: Extension not in whitelist
DELETED: D:\recup\recup_dir.5\f1076737024.txt | Reason: Extension not in whitelist
DELETED: D:\recup\recup_dir.5\f1076812288.txt | Reason: Extension not in whitelist
DELETED: D:\recup\recup_dir.5\f1076965888.txt | Reason: Extension not in whitelist
DELETED: D:\recup\recup_dir.5\f1076993024.html | Reason: Extension not in whitelist
DELETED: D:\recup\recup_dir.5\f1077163520.txt | Reason: Extension not in whitelist
DELETED: D:\recup\recup_dir.5\f1077204992.txt | Reason: Extension not in whitelist
DELETED: D:\recup\recup_dir.5\f1077495296.txt | Reason: Extension not in whitelist
DELETED: D:\recup\recup_dir.5\f1077495808.html | Reason: Extension not in whitelist
DELETED: D:\recup\recup_dir.5\f1077500928.h | Reason: Extension not in whitelist
DELETED: D:\recup\recup_dir.5\f1077508096.txt | Reason: Extension not in whitelist
DELETED: D:\recup\recup_dir.5\f1077532160.txt | Reason: Extension not in whitelist
DELETED: D:\recup\recup_dir.5\f1077698560.txt | Reason: Extension not in whitelist
DELETED: D:\recup\recup_dir.5\f1077720576.txt | Reason: Extension not in whitelist
DELETED: D:\recup\recup_dir.5\f1077735936.txt | Reason: Extension not in whitelist
DELETED: D:\recup\recup_dir.5\f1077825536.txt | Reason: Extension not in whitelist
DELETED: D:\recup\recup_dir.5\f1078056448.txt | Reason: Extension not in whitelist
DELETED: D:\recup\recup_dir.5\f1078078976.txt | Reason: Extension not in whitelist
DELETED: D:\recup\recup_dir.5\f1078111232.txt | Reason: Extension not in whitelist
DELETED: D:\recup\recup_dir.5\f1078187008.txt | Reason: Extension not in whitelist
DELETED: D:\recup\recup_dir.5\f1078274560.txt | Reason: Extension not in whitelist
DELETED: D:\recup\recup_dir.5\f1078291968.txt | Reason: Extension not in whitelist
DELETED: D:\recup\recup_dir.5\f1078462976.txt | Reason: Extension not in whitelist
DELETED: D:\recup\recup_dir.5\f1078503936.h | Reason: Extension not in whitelist
DELETED: D:\recup\recup_dir.5\f1078771200.txt | Reason: Extension not in whitelist
DELETED: D:\recup\recup_dir.5\f1079003648.txt | Reason: Extension not in whitelist
DELETED: D:\recup\recup_dir.5\f1080230400.txt | Reason: Extension not in whitelist
DELETED: D:\recup\recup_dir.5\f1080699904.txt | Reason: Extension not in whitelist
DELETED: D:\recup\recup_dir.5\f1081177088.txt | Reason: Extension not in whitelist
DELETED: D:\recup\recup_dir.5\f1081191936.txt | Reason: Extension not in whitelist
DELETED: D:\recup\recup_dir.5\f1081383424.txt | Reason: Extension not in whitelist
DELETED: D:\recup\recup_dir.5\f1081862144.txt | Reason: Extension not in whitelist
DELETED: D:\recup\recup_dir.5\f1082664448.txt | Reason: Extension not in whitelist
DELETED: D:\recup\recup_dir.5\f1082697216.txt | Reason: Extension not in whitelist
DELETED: D:\recup\recup_dir.5\f1082739200.txt | Reason: Extension not in whitelist
DELETED: D:\recup\recup_dir.5\f1083328512.h | Reason: Extension not in whitelist
DELETED: D:\recup\recup_dir.5\f1083500032.txt | Reason: Extension not in whitelist
DELETED: D:\recup\recup_dir.5\f1083549696.txt | Reason: Extension not in whitelist
DELETED: D:\recup\recup_dir.5\f1083622400.txt | Reason: Extension not in whitelist
DELETED: D:\recup\recup_dir.5\f1083623424.txt | Reason: Extension not in whitelist
DELETED: D:\recup\recup_dir.5\f1085227008.txt | Reason: Extension not in whitelist
DELETED: D:\recup\recup_dir.5\f1085297664.txt | Reason: Extension not in whitelist
DELETED: D:\recup\recup_dir.5\f1085351424.txt | Reason: Extension not in whitelist
DELETED: D:\recup\recup_dir.5\f1085357568.txt | Reason: Extension not in whitelist
DELETED: D:\recup\recup_dir.5\f1085599232.txt | Reason: Extension not in whitelist
DELETED: D:\recup\recup_dir.5\f1085602304.txt | Reason: Extension not in whitelist
DELETED: D:\recup\recup_dir.5\f1085639680.txt | Reason: Extension not in whitelist
DELETED: D:\recup\recup_dir.5\f1085680128.txt | Reason: Extension not in whitelist
DELETED: D:\recup\recup_dir.5\f1085699584.txt | Reason: Extension not in whitelist
DELETED: D:\recup\recup_dir.5\f1085701632.txt | Reason: Extension not in whitelist
DELETED: D:\recup\recup_dir.5\f1085703680.txt | Reason: Extension not in whitelist
DELETED: D:\recup\recup_dir.5\f1085706752.txt | Reason: Extension not in whitelist
DELETED: D:\recup\recup_dir.5\f1085710848.html | Reason: Extension not in whitelist
DELETED: D:\recup\recup_dir.5\f1085732864.h | Reason: Extension not in whitelist
DELETED: D:\recup\recup_dir.5\f1085752320.txt | Reason: Extension not in whitelist
DELETED: D:\recup\recup_dir.5\f1085754368.h | Reason: Extension not in whitelist
DELETED: D:\recup\recup_dir.5\f1085757952.txt | Reason: Extension not in whitelist
DELETED: D:\recup\recup_dir.5\f1085760000.txt | Reason: Extension not in whitelist
DELETED: D:\recup\recup_dir.5\f1085801472.txt | Reason: Extension not in whitelist
DELETED: D:\recup\recup_dir.5\f1085807616.txt | Reason: Extension not in whitelist
DELETED: D:\recup\recup_dir.5\f1085826048.txt | Reason: Extension not in whitelist
DELETED: D:\recup\recup_dir.5\f1085847552.h | Reason: Extension not in whitelist
DELETED: D:\recup\recup_dir.5\f1085923328.txt | Reason: Extension not in whitelist
DELETED: D:\recup\recup_dir.5\f1085941760.txt | Reason: Extension not in whitelist
DELETED: D:\recup\recup_dir.5\f1085943808.txt | Reason: Extension not in whitelist
DELETED: D:\recup\recup_dir.5\f1085945856.txt | Reason: Extension not in whitelist
DELETED: D:\recup\recup_dir.5\f1085955584.txt | Reason: Extension not in whitelist
DELETED: D:\recup\recup_dir.5\f1085963264.txt | Reason: Extension not in whitelist
DELETED: D:\recup\recup_dir.5\f1085967360.txt | Reason: Extension not in whitelist
DELETED: D:\recup\recup_dir.5\f1085985792.txt | Reason: Extension not in whitelist
DELETED: D:\recup\recup_dir.5\f1085988864.txt | Reason: Extension not in whitelist
DELETED: D:\recup\recup_dir.5\f1086025728.html | Reason: Extension not in whitelist
DELETED: D:\recup\recup_dir.5\f1086028800.txt | Reason: Extension not in whitelist
DELETED: D:\recup\recup_dir.5\f1086030848.txt | Reason: Extension not in whitelist
DELETED: D:\recup\recup_dir.5\f1086032896.txt | Reason: Extension not in whitelist
DELETED: D:\recup\recup_dir.5\f1086035968.txt | Reason: Extension not in whitelist
DELETED: D:\recup\recup_dir.5\f1086036992.txt | Reason: Extension not in whitelist
DELETED: D:\recup\recup_dir.5\f1086040064.html | Reason: Extension not in whitelist
DELETED: D:\recup\recup_dir.5\f1086045696.html | Reason: Extension not in whitelist
DELETED: D:\recup\recup_dir.5\f1086047744.txt | Reason: Extension not in whitelist
DELETED: D:\recup\recup_dir.5\f1086073856.html | Reason: Extension not in whitelist
DELETED: D:\recup\recup_dir.5\f1086075904.txt | Reason: Extension not in whitelist
DELETED: D:\recup\recup_dir.5\f1086077952.txt | Reason: Extension not in whitelist
DELETED: D:\recup\recup_dir.5\f1086130176.txt | Reason: Extension not in whitelist
DELETED: D:\recup\recup_dir.5\f1086204416.txt | Reason: Extension not in whitelist
DELETED: D:\recup\recup_dir.5\f1086226944.txt | Reason: Extension not in whitelist
DELETED: D:\recup\recup_dir.5\f1086283264.txt | Reason: Extension not in whitelist
DELETED: D:\recup\recup_dir.5\f1086303232.txt | Reason: Extension not in whitelist
DELETED: D:\recup\recup_dir.5\f1086310400.txt | Reason: Extension not in whitelist
DELETED: D:\recup\recup_dir.5\f1086312448.txt | Reason: Extension not in whitelist
DELETED: D:\recup\recup_dir.5\f1086318080.txt | Reason: Extension not in whitelist
DELETED: D:\recup\recup_dir.5\f1086339072.txt | Reason: Extension not in whitelist
DELETED: D:\recup\recup_dir.5\f1086477824.txt | Reason: Extension not in whitelist
DELETED: D:\recup\recup_dir.5\f1086488064.txt | Reason: Extension not in whitelist
DELETED: D:\recup\recup_dir.5\f1086522880.txt | Reason: Extension not in whitelist
DELETED: D:\recup\recup_dir.5\f1086524928.txt | Reason: Extension not in whitelist
DELETED: D:\recup\recup_dir.5\f1086544896.txt | Reason: Extension not in whitelist
DELETED: D:\recup\recup_dir.5\f1086548992.txt | Reason: Extension not in whitelist
DELETED: D:\recup\recup_dir.5\f1086550016.txt | Reason: Extension not in whitelist
DELETED: D:\recup\recup_dir.5\f1086552064.txt | Reason: Extension not in whitelist
DELETED: D:\recup\recup_dir.5\f1086554112.html | Reason: Extension not in whitelist
DELETED: D:\recup\recup_dir.5\f1086556160.txt | Reason: Extension not in whitelist
DELETED: D:\recup\recup_dir.5\f1086564864.txt | Reason: Extension not in whitelist
DELETED: D:\recup\recup_dir.5\f1086586880.txt | Reason: Extension not in whitelist
DELETED: D:\recup\recup_dir.5\f1086587904.txt | Reason: Extension not in whitelist
DELETED: D:\recup\recup_dir.5\f1086637568.txt | Reason: Extension not in whitelist
DELETED: D:\recup\recup_dir.5\f1086698496.txt | Reason: Extension not in whitelist
DELETED: D:\recup\recup_dir.5\f1086721024.txt | Reason: Extension not in whitelist
DELETED: D:\recup\recup_dir.5\f1086726144.txt | Reason: Extension not in whitelist
DELETED: D:\recup\recup_dir.5\f1086727168.txt | Reason: Extension not in whitelist
DELETED: D:\recup\recup_dir.5\f1086732800.h | Reason: Extension not in whitelist
DELETED: D:\recup\recup_dir.5\f1086754304.txt | Reason: Extension not in whitelist
DELETED: D:\recup\recup_dir.5\f1086763008.txt | Reason: Extension not in whitelist
DELETED: D:\recup\recup_dir.5\f1086765056.txt | Reason: Extension not in whitelist
DELETED: D:\recup\recup_dir.5\f1086769664.txt | Reason: Extension not in whitelist
DELETED: D:\recup\recup_dir.5\f1086770688.txt | Reason: Extension not in whitelist
DELETED: D:\recup\recup_dir.5\f1086773760.txt | Reason: Extension not in whitelist
DELETED: D:\recup\recup_dir.5\f1086796800.txt | Reason: Extension not in whitelist
DELETED: D:\recup\recup_dir.5\f1086798848.txt | Reason: Extension not in whitelist
DELETED: D:\recup\recup_dir.5\f1086802432.txt | Reason: Extension not in whitelist
DELETED: D:\recup\recup_dir.5\f1086804480.txt | Reason: Extension not in whitelist
DELETED: D:\recup\recup_dir.5\f1086807552_D_cision.html | Reason: Extension not in whitelist
DELETED: D:\recup\recup_dir.5\f1086811136.txt | Reason: Extension not in whitelist
DELETED: D:\recup\recup_dir.5\f1086835712.txt | Reason: Extension not in whitelist
DELETED: D:\recup\recup_dir.5\f1087607808.txt | Reason: Extension not in whitelist
DELETED: D:\recup\recup_dir.5\f1087612928.txt | Reason: Extension not in whitelist
DELETED: D:\recup\recup_dir.5\f1087619072.txt | Reason: Extension not in whitelist
DELETED: D:\recup\recup_dir.5\f1087623168.txt | Reason: Extension not in whitelist
DELETED: D:\recup\recup_dir.5\f1087639040.txt | Reason: Extension not in whitelist
DELETED: D:\recup\recup_dir.5\f1087640576.txt | Reason: Extension not in whitelist
DELETED: D:\recup\recup_dir.5\f1087714816_D_cision.html | Reason: Extension not in whitelist
DELETED: D:\recup\recup_dir.5\f1087762432.txt | Reason: Extension not in whitelist
DELETED: D:\recup\recup_dir.5\f1088132096.txt | Reason: Extension not in whitelist
DELETED: D:\recup\recup_dir.5\f1088136704.txt | Reason: Extension not in whitelist
DELETED: D:\recup\recup_dir.5\f1088149504.txt | Reason: Extension not in whitelist
DELETED: D:\recup\recup_dir.5\f1088177152.txt | Reason: Extension not in whitelist
DELETED: D:\recup\recup_dir.5\f1088183296.txt | Reason: Extension not in whitelist
DELETED: D:\recup\recup_dir.5\f1088188416.txt | Reason: Extension not in whitelist
DELETED: D:\recup\recup_dir.5\f1088208896.txt | Reason: Extension not in whitelist
DELETED: D:\recup\recup_dir.5\f1088210944.txt | Reason: Extension not in whitelist
DELETED: D:\recup\recup_dir.5\f1088215552.h | Reason: Extension not in whitelist
DELETED: D:\recup\recup_dir.5\f1088217600.txt | Reason: Extension not in whitelist
DELETED: D:\recup\recup_dir.5\f1088219648.txt | Reason: Extension not in whitelist
DELETED: D:\recup\recup_dir.5\f1088313344.txt | Reason: Extension not in whitelist
DELETED: D:\recup\recup_dir.6\report.xml | Reason: Extension not in whitelist
DELETED: D:\recup\recup_dir.7\report.xml | Reason: Extension not in whitelist
DELETED: D:\recup\test\f1047704064.txt | Reason: Extension not in whitelist
DELETED: D:\recup\test\f1056470528.html | Reason: Extension not in whitelist
